{
  "questions": [
    "Recursion\n \n \n1)\n \nCollatz\n \nproblemi.\n \nBu\n \nkısımda\n \namacımız\n \nbize\n \nverilen\n \nbir\n \npozitif\n \ntam\n \nsayının\n \ncollatz\n \nkuralları\n \nuygulanarak\n \nkaç\n \nadım\n \nsonra\n \n1\n \nolacağını\n \nhesaplamaktır .\n \nKurallar\n \nşu\n \nşekildedir:\n \nEğer\n \nsayı\n \nçift\n \nise\n \n2’ye\n \nbölünür\n \nEğer\n \nsayı\n \ntek\n \nise\n \n3\n \nile\n \nçarpılıp\n \n1\n \neklenir .\n \nÖrneğin\n \n5\n \n->\n \n16\n \n->\n \n8\n \n->\n \n4\n \n->\n \n2\n \n->\n \n1\n  \n5\n \nadım\n \nsürdüğü\n \niçin\n \ncevap\n \n5\n \ninputu\n \niçin\n \n5’tir.\n \nBu\n \nişlemi\n \nyapan\n \nrecursive\n \nmetodu\n \nyazmanız\n \ngerekmektedir .\n \nBu\n \nmetodun\n \nimzası\n \npublic\n \nstatic\n \nint\n \ncollatz(int\n \ni)\n \nolmalıdır .\n \nAncak\n \nyardımcı\n \nmetotlar\n \nkullanabilirsiniz.\n \nBurada\n \ngirdinin\n \nsadece\n \npozitif\n \ntam\n \nsayı\n \nolduğunu\n \nvarsayabilirsiniz.\n \n2)\n \nCocktail\n \nShaker\n \nSort\n \n \nBu\n \nkısımda\n \nsizden\n \nCocktail\n \nShaker\n \nSort\n \nimplement\n \netmeniz\n \nbekleniyor .\n \nCocktail\n \nshaker\n \nsort\n \nbubble\n \nsort’un\n \nbir\n \nyukarıdan\n \nbir\n \naşağıdan\n \nbaloncuk\n \ngönderilmesi\n \nile\n \nyapılan\n \nsıralama\n \nişlemidir .\n \nBu\n \nsıralamayı\n \nrecursive\n \nolarak\n \nyapmalısınız.\n \nimzası\n \npublic\n \nstatic\n \nvoid\n \ncocktailSort(int[]\n \narr)\n \nolmalıdır .\n \nYardımcı\n \nmetotlar\n \nkullanmalısınız.\n \nÖrneğin\n \ngirdi\n \n5\n \n4\n \n1\n \n2\n \nolsun.\n \nilk\n \nönce\n \n5\n \n<\n \n4\n \ndeğil\n \n4\n \n5\n \n1\n \n2\n \nsonra\n  \n5\n \n<\n \n1\n \ndeğil\n \n4\n \n1\n \n5\n \n2\n \n5\n \n<\n \n2\n \ndeğil\n \n4\n \n1\n \n2\n \n5\n \nsonra\n \nrecursive\n \ncall\n \nile\n \nbir\n \nsonraki\n \nkısma\n \ngeçilecek.\n \n \n1\n \n<\n \n2\n \nişlem\n \nyapılmayacak.\n \n4\n \n<\n \n1\n \ndeğil\n \n1\n \n4\n \n2\n \n5\n \nve\n \nson\n \niterasyonda\n \nsağdan\n \nsoldan\n \nsağa\n \ndoğru\n \nilerleyip\n \n \n4\n \n<\n \n2\n \ndeğil\n \n1\n \n2\n \n4\n \n5\n \nile\n \nsıralı\n \nhale\n \ngelecek.\n \nEğer\n \nsınırları\n \ntutmak\n \nistemez\n \niseniz\n \ndirek\n \nher\n \naşamada\n \ntüm\n \narrayin\n \nüstünden\n \nde\n \ngeçebilirsiniz.\n \n3)\n \nBu\n \nkısımda\n \nbir\n \nstringdeki\n \n“1”\n  \nleri\n \nsayan\n \nbir\n \nsınıf\n \nyazacaksınız.\n \nBu\n \nsınıf\n \nconstructor\n \nda\n \nstringi\n \nalacak.\n \npublic\n \nint\n \nsay()\n \nmetodu\n \nile\n \nrecursive\n \nşekilde\n \nbu\n \nstringdeki\n \n1\n \ndeğerlerini\n \nsayacak(Helper\n \nmetot\n \nkullanılması\n \nlazım).\n \nBu\n \nclass\n \nobjesi\n \noluşturularak\n \nçalıştırılacak\n \nve\n \nbirden\n \nfazla\n \nstring\n \niçin\n \nbirden\n \nfazla\n \nobje\n \noluşturulacaktır .\n \nÇalıştırma\n \nörneği:\n \nSayac\n \ns1\n \n=\n \nnew\n \nSayac(“10001”);\n \nSayac\n \ns2\n \n=\n \nnew\n \nSayac(“1 111”);\n \nSystem.out.println(s1.say());\n \n//\n \n2\n \nbasacak."
  ],
  "answers": [
    {
      "id": "6094496",
      "cocktailshaker.java": "package lab1111;\n\n\npublic class cocktailshaker {\n\n\tpublic static void main(String[] args) {\n\t\t\n\t\t int[] arr = {5, 4, 1, 2};\n\t       \n\n\t        cocktailSort(arr);\n\n\t        System.out.println(\"ouput:\");\n\t        printArray(arr);\n\t\t\n\n\t}\n\t\n\tpublic static void cocktailSort(int[] arr) {\n\t\t\n\t\t\n\t\t        cocktailRecursive(arr, 0, arr.length - 1);\n\t\t    }\n\n\t\t    private static void cocktailRecursive(int[] arr, int baslangic, int bitis) {\n\t\t        \n\t\t        if (baslangic >= bitis) {\n\t\t            return;\n\t\t        }\n\n\t\t        boolean changed = false;\n\n\t\t        \n\t\t        for (int i = baslangic; i < bitis; i++) {\n\t\t            if (arr[i] > arr[i + 1]) {\n\t\t                change(arr, i, i + 1);\n\t\t                changed = true;\n\t\t            }\n\t\t        }\n\n\t\t        \n\t\t        if (!changed) {\n\t\t            return;\n\t\t        }\n\n\t\t       \n\t\t        changed = false;\n\t\t        for (int i = bitis - 1; i > baslangic; i--) {\n\t\t            if (arr[i] < arr[i - 1]) {\n\t\t                change(arr, i, i - 1);\n\t\t                changed = true;\n\t\t            }\n\t\t        }\n\n\t\t       \n\t\t        cocktailRecursive(arr, baslangic + 1, bitis - 1);\n\t\t    }\n\n\t\t   \n\t\t    private static void change(int[] arr, int i, int j) {\n\t\t        int x = arr[i];\n\t\t        arr[i] = arr[j];\n\t\t        arr[j] = x;\n\t\t    }\n\n\t\t   \n\n\t\t   \n\t\t    private static void printArray(int[] arr) {\n\t\t        for (int num : arr) {\n\t\t            System.out.print(num + \" \");\n\t\t        }\n\t\t        System.out.println();\n\t\t    }\n\t\t\n\n\t}\n\n\n",
      "stringsay.java": "package lab1111;\n\npublic class stringsay {\n\n\tpublic static void main(String[] args) {\n\t\tSayac s1 = new Sayac(\"10001\");\n        Sayac s2 = new Sayac(\"1111\");\n\t     System.out.println(s1.say()); \n\t     System.out.println(s2.say()); \n\t\t    \n\t    \n\t}\n\t\n\t\n\n}\n",
      "Sayac.java": "package lab1111;\n\npublic class Sayac {\n    private String string; \n\n   \n    public Sayac(String string) {\n        this.string = string;\n    }\n\n    \n\n\n\n\n\n\tpublic int say() {\n        return sayacbir(string, string.length() - 1);\n    }\n\n    \n    private int sayacbir(String string, int sira) {\n       \n        if (sira < 0) {\n            return 0;\n        }\n\n       \n        if (string.charAt(sira) == '1') {\n        \t\n        \n           return 1 + sayacbir(string, sira - 1);\n           \n    } \n        \n        else {\n            \n        \treturn sayacbir(string, sira - 1);\n        }\n    }\n\n   \n}\n",
      "lab1.java": "package lab1111;\n\npublic class lab1 {\n\n\tpublic static void main(String[] args) {\n\t\t\n       int x = 7;\n        System.out.println (collatz(x));\n\t}\n\n\t    public static int collatz(int i) {\n\t        \n\t        if (i == 1) {\n\t           return 0; \n\t        }\n\t       \n\t        if (i % 2 == 0) {\n\t            return 1 + collatz(i / 2);\n\t        }\n\t       \n\t        else {\n\t            return 1 + collatz((3 * i) + 1);\n\t        }\n\t    }\n\n\t   \n\t}\n\n\n"
    },
    {
      "id": "7732416",
      "Lab1.java": "public class Lab1 {\n    public static void main(String[] args) {\n        System.out.println(collatz(5));\n        System.out.println();\n\n        Sayac s1 = new Sayac(\"10001\");\n        Sayac s2 = new Sayac(\"1111\");\n        System.out.println(s1.say());\n        System.out.println(s2.say());\n        System.out.println();\n\n        int[] ornek = {5,4,1,2} ;\n        cocktailSort(ornek);\n        for (int arrs : ornek){\n            System.out.println(arrs);\n        }\n\n\n\n    }\n    public static int collatz(int i){\n        if (i == 1){\n            return 0 ;\n        }\n        if (i % 2 == 0){\n            return 1 + collatz(i/2);\n        }\n        return 1 + collatz(3*i + 1);\n    }\n    public static void cocktailSort(int[] arr){\n        int direction = 1 ;\n        for (int i = 0; i < arr.length; i++) {\n            if (i%2 == 0)\n                direction = 1 ;\n            else\n                direction = -1 ;\n            ekstra(arr,direction);\n        }\n    }\n    private static void ekstra(int[] arr, int direction){\n        if (direction == 1) {\n            for (int i = 0, j = 1; j < arr.length; i++, j++) {\n                if (arr[i] > arr[j]){\n                    int temp = arr[i] ;\n                    arr[i] = arr[j] ;\n                    arr[j] = temp ;\n                }\n            }\n        }\n        if (direction == -1){\n            for (int i = arr.length-2, j = arr.length-1; i > 0 ; i--, j--) {\n                if (arr[i] > arr[j]){\n                    int temp = arr[i] ;\n                    arr[i] = arr[j] ;\n                    arr[j] = temp ;\n                }\n            }\n        }\n    }\n}\n\n",
      "Sayac.java": "public class Sayac {\n    String s ;\n    public Sayac(String s) {\n        this.s = s;\n    }\n    public int say(){\n        return yardimci(this.s.length()-1,this.s);\n    }\n    private static int yardimci(int index, String s){\n        if (index == 0){\n            if (s.charAt(index) == '1'){\n                return 1;\n            }\n            return 0 ;\n        }\n        if (s.charAt(index)== '1'){\n            return 1 + yardimci(index-1,s);\n        }\n        return yardimci(index-1,s);\n    }\n}\n"
    },
    {
      "id": "4779274",
      "lab221301009.java": "public class lab221301009 {\n\n    // test için main\n    public static void main(String[] args) {\n        System.out.println(\"\\n\" + collatz(5));\n\n        int[] arr = {5,4,1,2,6,7,1,3,9,11,2,1,-3}; //kontrol etmek için karışık yaptım \n        for(int i=0; i<arr.length; i++) System.out.print(arr[i] + \" \");\n        cocktailSort(arr); // fonk call\n        System.out.print(\"\\n yeni hali :\");\n        for(int i=0; i<arr.length; i++) System.out.print(arr[i] + \" \");\n        \n        Sayac s1 = new Sayac(\"10001\");\n        Sayac s2 = new Sayac(\"1111\");\n        System.out.println(\"\\n\" + s1.say() +\" ve \"+ s2.say());\n    }\n\n    // soru 1 collatz\n    public static int collatz(int i) {\n        int mod = i % 2;\n        System.out.print(i + \" -> \"); // adımları yazmak için\n        if (i == 1) return 0;\n        else{\n            if(mod == 1) return 1 + collatz((i*3)+1);\n            else return 1 + collatz(i / 2);\n        }\n    }\n\n    // soru 2 cocktail shaker sort\n    public static void cocktailSort(int[] arr) {\n        if (arr.length != 0) karsilastir(arr,0, 1, 1);\n        else System.out.println(\"olmaz\");\n    }\n\n    static void karsilastir (int[] arr, int index, int yon, int iteras) {\n        boolean kucukMu = arr [index] <= arr [index + yon];\n\n        //iterasyon bittiyse boş dön bitir\n        if (iteras == arr.length) return;\n\n        // yöne göre küçük mü büyük mü olması değişmesini etkiliyordu o yüzden böyle\n        if (kucukMu == false && yon == 1 || kucukMu == true && yon == -1) {\n            int temp = arr [index];\n            arr [index] = arr [index + yon];\n            arr [index + yon] = temp;\n        }\n\n        // burada tamamen sınırlara gelince yön değişmesi ve iterasyon artması için falan\n        // ayrı ayrı çağırdım daha kısa yapılabilirdi\n\n        if (index == arr.length - 2 && yon == 1)\n            karsilastir(arr, arr.length - 2, -1, iteras + 1);\n\n        else if (index == 1 && yon == -1)\n            karsilastir(arr, 1, 1, iteras + 1);\n\n        else karsilastir(arr, index + yon , yon, iteras);\n    }\n\n    \n}\n\n//soru 3 \nclass Sayac {\n    String str;\n    \n    Sayac(String str) {\n        this.str = str;\n    }\n\n    //stringi alan bi helper lazımdı her şeyi onda yaptım aslında\n    public int sayhelp(String str) {\n        if (str.length() == 0) return 0;\n        else if (str.charAt(0) == '1')\n            return 1 + sayhelp(str.substring(1));\n        else return 0 + sayhelp(str.substring(1));\n    }\n\n    public int say() {\n        return(sayhelp(str));\n    }\n}\n"
    },
    {
      "id": "2384475",
      "lab1q2.java": "public class lab1q2 {\n    public static void main(String[] args) {\n        int arr[] = { 5, 4, 1, 2 };\n        cocktailSort(arr, true);\n        for (int i = 0; i < arr.length; i++) {\n            System.out.println(arr[i]);\n        }\n\n    }\n\n    public static void cocktailSort(int[] arr, boolean x) {\n\n        for (int i = 0; i < arr.length - 1; i++) {\n            if (arr[i] > arr[i + 1]) {\n                int temp = arr[i];\n                arr[i] = arr[i + 1];\n                arr[i + 1] = temp;\n            }\n        }\n        if (arr.length < 2)\n            return;\n        {\n            if (x) {\n                arr = bubble1(arr);\n                x = false;\n            } else {\n                arr = bubble2(arr);\n                x = true;\n            }\n            cocktailSort(arr, x);\n        }\n    }\n\n    public static int[] bubble1(int[] arr) {\n        int newarr[] = new int[arr.length - 1];\n        for (int i = 0; i < arr.length - 1; i++) {\n            newarr[i] = arr[i];\n        }\n        for (int i = 0; i < newarr.length - 1; i++) {\n            if (newarr[i] > newarr[i + 1]) {\n                int temp = newarr[i];\n                newarr[i] = newarr[i + 1];\n                newarr[i + 1] = temp;\n            }\n        }\n        return newarr;\n    }\n\n    public static int[] bubble2(int[] arr) {\n\n        int newarr[] = new int[arr.length - 1];\n        for (int i = 0; i < arr.length - 1; i++) {\n            newarr[i] = arr[i];\n        }\n        for (int i = newarr.length - 1; i > 0; i--) {\n            if (newarr[i] < newarr[i - 1]) {\n                int temp = newarr[i];\n                newarr[i] = newarr[i - 1];\n                newarr[i - 1] = temp;\n            }\n        }\n        return newarr;\n\n    }\n\n}\n",
      "lab1q1.java": "public class lab1q1 {\n    public static void main(String[] args) {\n        System.out.println(collatz(2));\n\n    }\n\n    public static int collatz(int i) {\n        int count = 0;\n        if (i == 1)\n            return count;\n        if (i % 2 == 0)\n            count = 1 + collatz(i / 2);\n        else if (i % 2 == 1)\n            count = 1 + collatz(i * 3 + 1);\n        return count;\n\n    }\n\n}\n",
      "Sayac.java": "\nclass Sayac {\n    public String x;\n\n    public Sayac(String x) {\n        this.x = x;\n    }\n\n    public int say() {\n        int res = say2(x);\n        return res;\n\n    }\n\n    public int say2(String x) {\n        int res = 0;\n        if (x.length() < 1)\n            return res;\n        if (x.charAt(0) != '1') {\n            res = res + say2(x.substring(1));\n        } else if (x.charAt(0) == '1')\n            res = res + 1 + say2(x.substring(1));\n\n        return res;\n\n    }\n\n    public static void main(String[] args) {\n        Sayac s1 = new Sayac(\"10001\");\n        Sayac s2 = new Sayac(\"1111\");\n        System.out.println(s1.say());\n        System.out.println(s2.say());\n    }\n\n}\n"
    },
    {
      "id": "5628146",
      "lab1q2.java": "package lab1;\n\npublic class lab1q2 { \n\t\n    public static void cocktailSort(int[] arr) {\n        cocktailSortRecursive(arr, 0, arr.length - 1);\n    }\n\n    private static void cocktailSortRecursive(int[] arr, int start, int end) {\n        if (start >= end) {\n        \treturn;\n        }\n        boolean flag = false;\n\n        \n        for (int i = start; i < end; i++) {\n            if (arr[i] > arr[i + 1]) { // Bubble sort önden\n                int temp = arr[i];\n                arr[i] = arr[i + 1];\n                arr[i + 1] = temp;\n                flag = true; \n            }\n        }\n\n        if (!flag) { // Eğer değişim olmadıysa işlem yapılmayacak \n        \treturn;\n        }\n\n        end--; \n\n       \n        for (int i = end; i > start; i--) {  // Bubble sort arkadan\n            if (arr[i] < arr[i - 1]) {\n                int temp = arr[i];\n                arr[i] = arr[i - 1];\n                arr[i - 1] = temp;\n                flag = true;\n            }\n        }\n\n        start++;\n\n        cocktailSortRecursive(arr, start, end);\n    }\n\n    public static void main(String[] args) {\n        int[] arr = {5, 4, 1, 2};\n        cocktailSort(arr);\n\n        for (int num : arr) {\n            System.out.print(num + \" \"); \n        }\n    }\n}\n\n\n\n",
      "lab1q3.java": "package lab1;\n\npublic class lab1q3 {\n\n\t    public static void main(String[] args) {\n\t        Sayac s1 = new Sayac(\"10001\");\n\t        Sayac s2 = new Sayac(\"1111\");\n\n\t        System.out.println(s1.say()); \n\t        System.out.println(s2.say()); \n\t    }\n\t}\n\n\n\n",
      "lab1q1.java": "package lab1;\n\npublic class lab1q1 {\n\n\t    public static int collatz(int n) {\n\t        if (n == 1) {\n\t            return 0; \n\t        } \n\t        else if (n % 2 == 0) {\n\t            return 1 + collatz(n / 2);\n\t        } \n\t        else {\n\t            return 1 + collatz(3 * n + 1);\n\t        }\n\t    }\n\n\t    public static void main(String[] args) {\n\t        int input = 5;\n\t        System.out.println(collatz(input));\n\t    }\n\t}\n",
      "Sayac.java": "package lab1;\n\npublic class Sayac {\n    private String str;\n\n    public Sayac(String str) {\n        this.str = str;\n    }\n\n    public int say() {\n        return countOnes(str, 0);\n    }\n\n    private int countOnes(String str, int index) {\n        if (index == str.length()) {\n        \treturn 0; \n        }\n       \n        int count = 0;\n        if (str.charAt(index) == '1') {\n            count = 1;\n        }\n        return count + countOnes(str, index + 1);\n    }\n\n\t}\n\n"
    },
    {
      "id": "2786122",
      "Q2.java": "public class Q2 {\n    public static void main(String[] args) {\n        int[] arr = {5,4,1,2};\n        coctailSort(arr);\n    }\n    public static void coctailSort(int[] arr){\n        int count = 1;\n        int a = 0;\n        int b = arr.length;\n        int[] arrmin = arr;\n        for(int x = 0; x < arrmin.length; x++){\n            for(int y = 0; y < arrmin.length - 1;y++){\n                if(arrmin[y] > arrmin[y + 1]){\n                    int temp = arrmin[y];\n                    arrmin[y] = arrmin[y + 1];\n                    arrmin[y + 1] = temp;\n                }\n            }\n        }\n        int min = arrmin[0];\n        int index;\n        if(count % 2 == 0){\n            index = a;\n            a++; \n        }\n        else{\n            index = b;\n            b--;\n        }\n        for(int x = index; x < arr.length - 1; x++){\n            if(arr[x] > arr[x + 1]){\n                int temp = arr[x];\n                arr[x] = arr[x + 1];\n                arr[x + 1] = temp;\n            }\n        }\n        for(int x = 0; x < arr.length;x++){\n            System.out.print(\" \" + arr[x]);\n        }\n        System.out.println();\n        if(arr[0] != min){\n            for(int x = arr.length - 2; x > 0; x--){\n                if(arr[x] < arr[x - 1]){\n                    int temp = arr[x - 1];\n                    arr[x - 1] = arr[x];\n                    arr[x] = temp;\n                }\n            }\n            if(arr[0] != min){\n                coctailSort(arrmin);\n                count++;\n            }    \n        }    \n    }\n}",
      "Q1.java": "public class Q1 {\n    public static void main(String[] args) {\n        System.out.println(collatz(4));\n    }\n    public static int collatz(int i){\n        int a = 0;\n        if(i == 1){\n            return a;\n        }\n        else{\n            if(i % 2 == 0){\n                a++;\n                return a + collatz(i / 2);\n            }\n            else{\n                a++;\n                return a + collatz(i * 3 + 1);\n            }\n        }\n    }\n}",
      "Sayac.java": "public  class Sayac {\n    public static void main(String[] args) {\n        Sayac s1 = new Sayac(\"10001\");\n        Sayac s2 = new Sayac(\"1111\");\n        System.out.println(s1.say());\n        System.out.println(s2.say());\n    }\n    String str;\n    public Sayac(String str){\n        this.str = str;\n    }\n    public int say(){\n        int a = 0;\n        if(str.length() == 1){\n            if(str.charAt(0) == '1')\n                a++;\n            return a;        \n        }\n        else{\n            if(str.endsWith(\"1\"))\n                a++;\n            str = str.substring(0,str.length() - 1);\n            return a + say();    \n        }\n    }\n}    "
    },
    {
      "id": "9367691",
      "Collatz.java": "import java.util.Scanner;\npublic class Collatz {\n    public static void main(String[] args){\n        Scanner input= new Scanner(System.in);\n        System.out.println(\"Enter a number :\");\n        int i= input.nextInt();\n        int result= Collatz.collatz(i);\n        System.out.println(\"Result = \"+ result);\n    }\n    public static int collatz(int i){\n        if(i==1){\n            return 0;\n        }\n        else if(i%2==0){\n            i=i/2;\n            return collatz(i)+1;\n        }\n        else{\n            i=(3*i+1);\n            return collatz(i)+1;\n        }\n    }\n}",
      "Count.java": "public class Count {\n    public static void main(String[] args) {\n        Sayac s1 = new Sayac(\"10001\");\n        Sayac s2 = new Sayac(\"1111\");\n        System.out.println(s1.say());\n    }\n}\npublic class Sayac{\n    String str;\n    public Sayac(String str){\n        this.str=str;\n    }\n    public int say(){\n        if(str.indexOf(\"1\")==-1){\n            return 0;\n        }\n        str=str.substring(str.indexOf(\"1\")+1,str.length());\n        return say()+1;\n    }\n}",
      "Cocktail.java": "public class Cocktail {\n    public static void main(String[] args) {\n        int[] array= {5,4,1,2};\n        cocktailSort(array);\n    }\n    public static void cocktailSort(int[] arr){\n        boolean control=true;\n        for(int i=0; i<arr.length-1; i++){\n            if(arr[i]>arr[i+1]){\n                control=false;\n            }\n        }\n        if(control){\n            for(int i=0; i<arr.length; i++){\n                System.out.print(\" \"+arr[i]);\n            }\n        }\n        else{\n            for(int i=0; i<arr.length-1; i++){\n                if(arr[i]>arr[i+1]){\n                    int tut=arr[i+1];\n                    arr[i+1]=arr[i];\n                    arr[i]=tut;\n                }\n            }\n            cocktailSort(arr);\n        }\n    } \n}\n"
    },
    {
      "id": "6914659",
      "CocktailShaker.java": "public class CocktailShaker{\n    public static void cocktailSort(int[] array2){\n        csRec(array2, 0, array2.length - 1);\n    }\n    public static void csRec(int[] array1, int ilk, int son){\n        if (ilk >= son) //BASE CASE\n            return;\n        boolean degistir = false;\n        for (int i=ilk ; i<son ; i++){//Soldan sağa doğru kontrol ediyorum\n            if (array1[i] > array1[i+1]){ //buradaki durum 5,4 durumu. Bunu 4,5 yapmaya çalışıyorum\n                yer_degistirme(array1, i, i+1); //soldaki ile sağdakinin yerini değiştirdim\n                degistir = true; //değiştirme işleminin yapıldığını göstermek için\n            }\n        }\n        if (!degistir){ //değiştirme işleminin yani yer_degistirme metodunun kullanılıp kullanılmadığını kontrol ediyorum \n            /*\n            eğer değiştirme işlemi yapılsaydı \"degistir\" değeri true olacaktı ve bu blok false olacağı için çalışmazdı\n            değiştirme işlemi yapılmazsa \"degistir\" değeri false olarak kalacağı için blok true olur ve çalışır.\n            */\n            return;\n        }\n        degistir = false;\n        for (int i = son-1 ; i>ilk ; i--){//Sağdan sola doğru kontrol ediyorum\n            if (array1[i-1] > array1[i]){\n                yer_degistirme(array1, i-1, i);//sağdaki ile soldakinin yerini değiştirdim\n                degistir = true; //değiştirme işleminin yapıldığını göstermek için\n            }\n        }\n        csRec(array1, ilk+1, son-1);//arrayın ilk elemanı ile son elemanını attım\n    }\n    public static void yer_degistirme(int[] arr, int a, int b){\n        int temp = arr[a];\n        arr[a] = arr[b];\n        arr[b] = temp;\n    }\n    public static void main(String[] args){\n        int[] array3 = {5, 4, 1, 2};\n        cocktailSort(array3);\n        for (int a: array3){\n            System.out.print(a + \" \");\n        }\n    }\n}",
      "Collatz.java": "public class Collatz{\n    public static int collatz(int i){\n        int sum = i;\n        if(i == 1) //BASE CASE\n            return 0;\n        if(i % 2 == 0){ //çiftse ikiye böl\n            sum /= 2; \n            return 1 + collatz(sum);\n        }  \n        else{ //tekse 3 ile çarp 1 ekle\n            sum = (sum*3)+1;\n            return 1 + collatz(sum);\n        }\n    }\n    public static void main(String[] args) {\n        System.out.println(collatz(5));\n    }\n}",
      "SayacWithHelperMethod.java": "public class SayacWithHelperMethod {\n    String str;\n    public SayacWithHelperMethod(String str){\n        this.str = str;\n    }\n    public int helper(String str) {\n        int currentCount = 0;\n        if(str.length() == 0) //BASE CASE\n            return 0;\n        if(str.charAt(0)=='1')\n            return 1+helper(str.substring(1));\n\n        return currentCount + helper(str.substring(1));\n    }\n    public int say(){\n        if(str.length() == 0)\n            return 0;\n        if(str.charAt(0)=='1'){\n            str = str.substring(1);\n            return 1 + say();\n        }\n        else{\n            str = str.substring(1);\n            return say();\n        }\n    }\n    public static void main(String[] args) {\n        SayacWithHelperMethod s1 = new SayacWithHelperMethod(\"10001\");\n        SayacWithHelperMethod s2 = new SayacWithHelperMethod(\"1111\");\n        SayacWithHelperMethod s3 = new SayacWithHelperMethod(\"11190002\");\n        System.out.println(\"Sayac With Helper Method\");\n        System.out.println(s1.say()); // 2 basacak.\n        System.out.println(s2.say()); //4\n        System.out.println(s3.say()); //3\n    }\n}\n",
      "Sayac.java": "public class Sayac {\n    String str;\n    public Sayac(String str){\n        this.str = str;\n    }\n    public int say(){\n        if(str.length() == 0)//BASE CASE\n            return 0;\n        if(str.charAt(0)=='1'){ //eleman 1 ise sayacı 1 artır\n            str = str.substring(1);\n            return 1 + say();\n        }\n        else{ //eleman 1 dışında herhangi bir rakam ise sayacın degerini degistirme\n            str = str.substring(1);\n            return say();\n        }\n    }\n    public static void main(String[] args) {\n        Sayac s1 = new Sayac(\"10001\");\n        Sayac s2 = new Sayac(\"1111\");\n        Sayac s3 = new Sayac(\"11190002\");\n        System.out.println(s1.say()); // 2 basacak.\n        System.out.println(s2.say()); //4\n        System.out.println(s3.say()); //3\n    }\n}\n"
    },
    {
      "id": "2179244",
      "Lab1Q3__DelfinK.java": "public class Lab1Q3 {\n    public static void main(String[] args) {\n        Sayac s1 = new Sayac(\"10001\");\n        Sayac s2 = new Sayac(\"1111\");\n        System.out.println(s1.say()); // 2 basacak.\n        System.out.println(s2.say()); // 4 basacak.\n\n    }\n}\n\nclass Sayac{\n    public String sayi;\n\n    public Sayac(String sayi){\n        this.sayi=sayi;\n    }\n\n    public int say(){\n        \n        if(sayi.length()!=0){\n            if(sayi.substring(0,1).equals(\"1\")){\n                return 1 + new Sayac(sayi.substring(1)).say();\n            }\n            else{\n                return new Sayac(sayi.substring(1)).say();\n            }\n        }\n        else{\n            return 0;\n        }\n\n    }\n}\n\n\n\n",
      "Lab1Q2_DelfinK.java": "public class Lab1Q2 {\n    public static void main(String[] args) {\n        \n    }\n    public static void cocktailSort(int[] arr){\n        \n    }\n}\n",
      "Lab1Q1_DelfinK.java": "public class Lab1Q1 {\n    public static void main(String[] args) {\n        int i=3;\n        System.out.println(collatz(i));\n    }\n    public static int collatz(int i){\n   \n        if(i%2==0){\n            return 1+ collatz(i/2);\n        }\n        else if(i==1){\n            return 0; \n        }\n        else{\n            return 1+ collatz((i*3) + 1);\n        }\n    }\n}\n\n\n\n\n\n\n\n\n\n\n\n\n\n\n\n\n\n\n\n\n/* \n\nif(i == 1){\n    return 1;\n}\nelse if(i % 2 == 0){\n    return collatz(i/2);\n}\nelse{\n    return collatz(3*i +1);\n}\n*/"
    },
    {
      "id": "6429016",
      "CocktailShakerSort.java": "/*Cocktail Shaker Sort \nBu kısımda sizden Cocktail Shaker Sort implement etmeniz bekleniyor.\nCocktail shaker sort bubble sort’un bir yukarıdan bir aşağıdan baloncuk gönderilmesi ile yapılan sıralama işlemidir.\nBu sıralamayı recursive olarak yapmalısınız.\nimzası public static void cocktailSort(int[] arr) olmalıdır.\nYardımcı metotlar kullanmalısınız.\nÖrneğin girdi 5 4 1 2 olsun.\nilk önce 5 < 4 değil 4 5 1 2\nsonra  5 < 1 değil 4 1 5 2\n5 < 2 değil 4 1 2 5\nsonra recursive call ile bir sonraki kısma geçilecek.\n1 < 2 işlem yapılmayacak.\n4 < 1 değil 1 4 2 5\nve son iterasyonda sağdan soldan sağa doğru ilerleyip \n4 < 2 değil 1 2 4 5 ile sıralı hale gelecek.\nEğer sınırları tutmak istemez iseniz direk her aşamada tüm arrayin üstünden de geçebilirsiniz.\n*/\npublic class CocktailShakerSort {\n\n    public static void cocktailSort(int[] arr) {\n        cocktail(arr, 0, arr.length);\n    }\n\n    public static void cocktail(int[] arr, int start, int end) {\n        \n        if (start >= end) { //Base elemanlar sirali\n            return;\n        }\n\n        \n        boolean swapped= false;\n        for (int i=start;i<end-1;i++) {// soldan saga sıralama\n            if (arr[i] > arr[i + 1]) {\n                swap(arr, i, i+ 1);\n                swapped = true;\n            }\n        }\n\n        \n        if (swapped=false) { //zaten swapli\n            return;\n        }\n\n       \n        swapped = false;\n        for (int i = end - 2; i > start; i--) { // sagdan sola sıralama\n            if (arr[i] < arr[i - 1]) {\n                swap(arr, i, i - 1);\n                swapped = true;\n            }\n        }\n\n        cocktail(arr,start+1,end-1);\n    }\n\n    public static void swap(int[] arr, int i, int j) { //yanyana olanları yer degistirme\n        int temp = arr[i];\n        arr[i] = arr[j];\n        arr[j] = temp;\n        \n    }\n\n   \n    public static void main(String[] args) {\n        int[] arr = {3, 4, 1,8}; \n        cocktailSort(arr);\n        System.out.println(arr[0]+\",\"+arr[1]+\",\"+arr[2]+\",\"+ arr[3]);\n}\n}",
      "Collatz.java": "//Collatz problemi.\n//Bu kısımda amacımız bize verilen bir pozitif tam sayının collatz kuralları uygulanarak kaç adım sonra 1 olacağını hesaplamaktır.\n//Kurallar şu şekildedir:\n//Eğer sayı çift ise 2’ye bölünür\n//Eğer sayı tek ise 3 ile çarpılıp 1 eklenir.\n//Örneğin 5 -> 16 -> 8 -> 4 -> 2 -> 1  5 adım sürdüğü için cevap 5 inputu için 5’tir.\n//Bu işlemi yapan recursive metodu yazmanız gerekmektedir. Bu metodun imzası public static int collatz(int i) olmalıdır. Ancak yardımcı metotlar kullanabilirsiniz. Burada girdinin sadece pozitif tam sayı olduğunu varsayabilirsiniz.\npublic class Collatz {\n    public static int collatz(int i) {\n        if (i == 1) {\n            return 0; //base\n        } else if (i % 2 == 0) {\n            return 1 + collatz(i/2); // cift sayi\n        } else {\n            return 1 + collatz(3*i+1); // tek sayi\n        }\n    }\n\n    public static void main(String[] args) {\n\n        int sayi = 1;\n        System.out.println(sayi + \" icin adim sayisi: \" +collatz(sayi));\n\n        int sayi2 = 11;\n        System.out.println(sayi2 +\" icin adim sayisi: \" +collatz(sayi2));\n\n        int sayi3 = 8;\n        System.out.println(sayi3 +\" icin adim sayisi: \" +collatz(sayi3));\n    }\n}",
      "Sayac.java": "public class Sayac {\n     String input;\n\n    public Sayac(String input) {\n        this.input = input;\n    }\n\n    public int say() { //yardimci\n        return birSay(input, 0);\n    }\n\n    public int birSay(String str, int index) {\n        if (index == str.length()) {//base iterasyon\n            return 0;\n        }\n        if (str.charAt(index) == '1') {\n            return 1 + birSay(str, index + 1);\n        }\n        return birSay(str, index + 1);\n    }\n\n    public static void main(String[] args) {\n\n        Sayac s1 = new Sayac(\"10001\");\n        Sayac s2 = new Sayac(\"11001100110\");\n\n        System.out.println(\"birinci sayinin icinde \"+ s1.say() + \" tane 1 var.\");\n        System.out.println(\"ikinci sayinin icinde \"+ s2.say() + \" tane 1 var.\");\n    }\n}"
    },
    {
      "id": "6343320",
      "Hello.java": "package pkg;\n\npublic class Hello {\n\tpublic static void main(String args[]) {\n\t\tint x = 5;\n\t\tSystem.out.print(collatz(x));\n\t}\n\tpublic static int collatz(int i) {\n\t\tint adım = 0;\n\t\tif(i != 1 ) {\n\t\t\tif(i%2 == 0) {\n\t\t\t\ti = i/2;\n\t\t\t}\n\t\t\telse {\n\t\t\t\ti = i * 3 + 1;\n\t\t\t}\n\t\t\tadım++;\n\t\t\tcollatz(i, adım);\n\t\t}\n\t\treturn (adım);\n\t\t}\n\tpublic static int collatz(int sayı, int adım) {\n\t\tif(sayı != 1 ) {\n\t\t\tif(sayı%2 == 0) {\n\t\t\t\tsayı = sayı/2;\n\t\t\t}\n\t\t\telse {\n\t\t\t\tsayı = sayı * 3 + 1;\n\t\t\t}\n\t\t\tadım++;\n\t\t\tcollatz(sayı, adım);\n\t\t}\n\t\treturn (adım);\n\t}\n}\n",
      "lab1.java": "package pckg;\n\npublic class lab1 {\n\tpublic static void main(String args[]) {\n\tint [] arr = {5, 4, 1, 2};\n\tcocktailSort(arr);\n\tfor(int i = 0; i < arr.length; i++) {\n\t\tSystem.out.print(arr[i]);\n\t}\n \t}\n\tpublic static void cocktailSort(int[] arr) {\n\t\tint uzunluk = arr.length;\n\t\tint start = 0;\n\t\tif(start%2 == 0) {\n\t\t\tfor(int i = 1; i < uzunluk; i++) {\n\t\t\t\tif(arr[start] > arr[i] ) {\n\t\t\t\t\tint temp = arr[i];\n\t\t\t\t\tarr[i] = arr[start];\n\t\t\t\t\tarr[start] = temp;\n\t\t\t}\n\t\t}\n\t\t\tstart++;\n\t\t}\n\t\telse {\n\t\tcocktailSort(arr, start);\n\t\tstart++;\n\t\t}\n\t}\n\tpublic static void cocktailSort(int[] arr, int x) {\n\t\tint uzunluk = arr.length - 2;\n\t\tfor(;x > 0 ;uzunluk --) {\n\t\t\tif(arr[x] > arr[uzunluk]) {\t\n\t\t\t\tint temp = arr[x];\n\t\t\t\tarr[x] = arr[uzunluk];\n\t\t\t\tarr[uzunluk] = temp;\n\t\t\t}\n\t\t}\n\t}\n}\n"
    },
    {
      "id": "4275079",
      "Main (1) (1).java": "import java.util.Arrays;\n\npublic class Main {\n    public static void main(String[] args) {\n\n        System.out.println(Q1.collatz(6));\n        System.out.println(Q1.collatz(7));\n        Sayac s1 = new Sayac(\"10001\");\n        Sayac s2 = new Sayac(\"1111\");\n        Sayac s3 = new Sayac(\"1120393129211\");\n        System.out.println(s1.say());\n        System.out.println(s2.say());\n        System.out.println(s3.say());\n        int arr[] = {12, 43, 1, 5, 241, 56, 532, 0};\n        int arr1[] = {18, 132, 51, 57, 261, 516, 932, 3};\n        Q2.coctailSort(arr);\n        Q2.coctailSort(arr1);\n    }\n}",
      "Q2.java": "import java.util.Arrays;\n//ek method gerekmedi.\npublic class Q2 {\n    public static void coctailSort(int []arr){\n        int minIndex=0;\n        for(int i=0;i<arr.length-1;i++){\n            if( arr[i]>arr[i+1]){\n                int temp=arr[i];\n                arr[i]=arr[i+1];\n                arr[i+1]=temp;\n                minIndex++;\n            }\n        }\n\n        if(minIndex!=0) {\n            coctailSort(arr);\n        }\n        else System.out.println(Arrays.toString(arr));\n    }\n}\n\n",
      "Q1.java": "public class Q1 {\n    public static int collatz(int n){\n        if(n==1){\n            return 0;\n        }\n        else{\n            if(n%2==0){\n                return 1+collatz(n/2);\n            }\n            else if(n%2==1){\n                return 1+collatz(n*3+1);\n            }\n            else\n                return 0;\n        }\n    }\n}\n",
      "Sayac.java": "public class Sayac {\n    public String number;\n    public Sayac(String str){\n        this.number=str;\n    }\n\n\n    public int say() {\n\n        if (number.length() == 0) {\n            return 0;\n        } else {\n\n            if (number.charAt(0) == ('1')) {\n               number= number.substring(1);\n                return 1 + say();\n            } else {\n               number= number.substring(1);\n                return say();\n            }\n        }\n    }\n    }\n\n    "
    },
    {
      "id": "7374887",
      "CocktailShakerSort.java": "public class CocktailShakerSort {\n\n    public static void main(String[] args) {\n        int[] arr = { 5, 4, 1, 2 };\n        cocktailSort(arr);\n\n        for (int i = 0; i < arr.length; i++) {\n            System.out.println(arr[i]);\n        }\n    }\n\n    public static void cocktailSort(int[] arr) {\n        if (!isSorted(arr)) {\n            int temp = 0;\n\n            for (int j = 0; j < arr.length - 1; j++) {\n                if (arr[j] > arr[j + 1]) {\n                    temp = arr[j];\n                    arr[j] = arr[j + 1];\n                    arr[j + 1] = temp;\n                }\n            }\n            if (!isSorted(arr)) {\n\n                for (int j = arr.length - 1; j > 0; j--) {\n\n                    if (arr[j] < arr[j - 1]) {\n                        temp = arr[j];\n                        arr[j] = arr[j - 1];\n                        arr[j - 1] = temp;\n\n                    }\n\n                }\n                if (!isSorted(arr)) {\n                    cocktailSort(arr);\n                }\n            }\n\n        }\n    }\n\n    public static boolean isSorted(int[] arr) {\n        for (int i = 0; i < arr.length - 1; i++) {\n            if (arr[i] > arr[i + 1]) {\n                return false;\n            }\n        }\n        return true;\n    }\n}",
      "collatz.java": "\npublic class collatz {\n\n    public static void main(String[] args) {\n        System.out.println(collatz(6));// 6-> 3 ->10 ->5-> 16-> 8 ->4-> 2 ->1\n        System.out.println(collatz(5));// 5 -> 16 -> 8 -> 4 -> 2 -> 1\n    }\n\n    public static int collatz(int i) {\n        int count = 0;\n        if (i == 1) {\n            return 0;\n        }\n        if (i % 2 == 0) {\n            i = i / 2;\n        } else {\n            i = i * 3 + 1;\n        }\n        count++;\n        count += collatz(i);\n        return count;\n    }\n\n}",
      "Sayac.java": "public class Sayac {\n\n    String input;\n\n    Sayac(String input) {\n        this.input = input;\n    }\n\n    public int say() {\n        if (this.input.length() == 0) {\n            return 0;\n        }\n\n        if (this.input.charAt(0) == '1') {\n            this.input = this.input.substring(1);\n            return 1 + this.say();\n        } else {\n            this.input = this.input.substring(1);\n            return this.say();\n        }\n\n    }\n\n    public static void main(String[] args) {\n        Sayac x1 = new Sayac(\"10001\");// 2\n        Sayac x2 = new Sayac(\"1111\");// 4\n        Sayac x3 = new Sayac(\"681611161651816541\");// 8\n        System.out.println(x1.say());\n        System.out.println(x2.say());\n        System.out.println(x3.say());\n    }\n}"
    },
    {
      "id": "5187413",
      "LAB211Q2.java": "\npublic class LAB211Q2 {\n    public static void main(String[] args) {\n        int[] arr = { 5, 4, 1, 2 };\n        coctailSort(arr);\n    }\n\n    public static void coctailSort(int[] arr) {\n        int high = arr.length - 1;\n        int low = 0;\n        int[] tempArr = arr;\n        for (int i = 0; i < arr.length; i++) {\n\n            for (int j = 0; j < arr.length - 1; j++) {\n                if (tempArr[j] > tempArr[j + 1]) {\n                    int temp = tempArr[j];\n                    tempArr[j] = tempArr[j + 1];\n                    tempArr[j + 1] = temp;\n\n                }\n            }\n\n        }\n\n        int count = 0;\n        for (int i = 0; i < arr.length - 1; i++) {\n            if (arr[i] == tempArr[i]) {\n                count++;\n            }\n\n        }\n        if (count == arr.length) {\n            System.out.println(arr);\n        } else {\n            listingUp(arr, tempArr, low, high);\n        }\n\n    }\n\n    public static int listingUp(int[] arr, int[] tempArr, int low, int high) {\n\n        int count = 0;\n        for (int i = 0; i < arr.length - 1; i++) {\n            if (arr[i] == tempArr[i]) {\n                count++;\n            }\n\n        }\n        if (count == arr.length) {\n            coctailSort(arr);\n        }\n\n        if (low == high) {\n            listingDown(arr, tempArr, 0, high);\n        }\n        if (arr[low] > arr[low + 1]) {\n            int temp = arr[low];\n            arr[low] = arr[low + 1];\n            arr[low + 1] = temp;\n\n        }\n        return listingUp(arr, tempArr, low + 1, high);\n\n    }\n\n    public static int listingDown(int[] arr, int[] tempArr, int low, int high) {\n        int count = 0;\n        for (int i = 0; i < arr.length - 1; i++) {\n            if (arr[i] == tempArr[i]) {\n                count++;\n            }\n\n        }\n        if (count == arr.length) {\n            coctailSort(arr);\n        }\n        if (low == high) {\n            listingUp(arr, tempArr, low, arr.length - 1);\n        }\n        if (arr[high] < arr[high - 1]) {\n            int temp = arr[high];\n            arr[high] = arr[high - 1];\n            arr[high - 1] = temp;\n\n        }\n        return listingDown(arr, tempArr, low, high - 1);\n    }\n}\n",
      "Q3sayac.java": "public class Q3sayac {\n    private String str;\n\n    public Q3sayac(String str) {\n        this.str = str;\n    }\n\n    public int say() {\n\n        int count = 0;\n        if (str.length() <= 0) {\n            return count;\n        }\n\n        if (str.charAt(0) - '0' == 1) {\n            count++;\n            str = str.substring(1);\n            return count + say();\n        }\n        str = str.substring(1);\n        return count + say();\n\n    }\n}\n",
      "LAB211Q1.java": "public class LAB211Q1 {\n    public static void main(String[] args) {\n        int number = 5;\n        System.out.println(collatz(number));\n    }\n\n    public static int collatz(int i) {\n        int count = 0;\n        if (i == 1) {\n            return count;\n        }\n\n        if (i % 2 == 0) {\n\n            count++;\n            return count + collatz(i / 2);\n        }\n\n        count++;\n        return count + collatz(i * 3 + 1);\n\n    }\n}\n",
      "LAB211Q3.java": "public class LAB211Q3 {\n    public static void main(String[] args) {\n        Q3sayac s1 = new Q3sayac(\"10001\");\n        Q3sayac s2 = new Q3sayac(\"1111\");\n\n        System.out.println(\"s1 sonuç: \" + s1.say() + \"\\ns2 sonuc: \" + s2.say());\n    }\n}\n"
    },
    {
      "id": "6539697",
      "Main (2).java": "public class Main {\n    public static void main(String[] args) {\n        System.out.println(\"Collatz: \"+collatz(5));\n\n        int[] arr ={5,4,1,2};\n        cocktailSort(arr);\n        System.out.print(\"Cocktail Sort: \");\n        for(int n : arr)\n            System.out.print(n + \" \");\n\n        System.out.println();\n\n        Sayac s1 = new Sayac(\"10001\");\n        Sayac s2 = new Sayac(\"1111\");\n        System.out.println(\"Say 10001: \"+s1.say());\n        System.out.println(\"Say 1111: \"+s2.say());\n    }\n\n    public static int collatz(int i){\n        if(i==1)\n            return 0;\n        else if(i%2==0)\n            return 1+collatz(i/2);\n        return 1+collatz(3*i+1);\n    }\n\n    public static void cocktailSort(int[] arr){\n        bubbleSort(arr,0);\n    }\n\n    public static int[] bubbleSort(int[] arr,int target){\n        for(int i=target+1; i<arr.length;i++)\n        {\n            if(arr[target]>=arr[i])\n            {\n                int temp = arr[i];\n                arr[i] = arr[target];\n                arr[target] = temp;\n                bubbleSort(arr,target+1);\n                i=target;\n            }\n        }\n        return arr;\n    }\n}\n\nclass Sayac {\n\n    String s;\n\n    public Sayac(String s) {\n        this.s = s;\n    }\n\n    public int say() {\n        if (s.isEmpty())\n            return 0;\n        else if (s.charAt(0) == '1')\n            return 1 + new Sayac(s.substring(1)).say();\n        return new Sayac(s.substring(1)).say();\n    }\n}"
    },
    {
      "id": "9905145",
      "Soru3.java": "public class Soru3 {\n\n    public static void main(String[] args) {\n        Count s1 = new Count(\"10001\");\n        Count s2 = new Count(\"1111\");\n        System.out.println(s1.say());\n        System.out.println(s2.say());\n    }\n}\n\nclass Count{\n    public String numbers;\n    \n    public Count(String str) {\n        this.numbers = str;\n    }\n\n    public int say() {\n        if(numbers.length() == 0) {\n            return 0;\n        }\n        if(numbers.charAt(0) == '1') {\n            numbers = numbers.substring(1);\n            return 1 + say();\n        }\n        else {\n            numbers = numbers.substring(1);\n            return say();\n        }\n    }\n}",
      "Soru2.java": "public class Soru2 {\n    public static void main(String[] args) {\n        int[] arr = {5,4,1,2};\n        cocktailSort(arr);\n    }\n\n    public static void cocktailSort(int[] arr) {\n        int count = 0;\n        for(int i = 0; i < arr.length-1; i++) {\n            if(arr[i] > arr[i+1]) {\n                int temp = arr[i];\n                arr[i] = arr[i+1];\n                arr[i+1] = temp;\n                count++;\n            }\n        }\n\n        if(count == 0) {\n            for(int j = 0; j < arr.length; j++) {\n                System.out.print(arr[j]);\n            }\n        }\n        else {\n            cocktailSort(arr);\n        }\n    }\n}",
      "Soru1.java": "public class Soru1 {\n    public static void main(String[] args) {\n        int x = 5;\n        System.out.println(collatz(x));\n    }\n\n    public static int collatz(int i) {\n        if(i == 1) {\n            return 0;\n        }\n        else if ( i % 2 == 0) {\n            return 1 + collatz(i/2);\n        }\n        else {\n            return 1 + collatz((i*3) + 1);\n        }\n    }\n}\n"
    },
    {
      "id": "5902250",
      "CocktailShakerSort.java": "public class CocktailShakerSort {\n\tprivate static boolean yon = false;\n\tpublic static void main(String[] args) {\n\t\tint[] arr = {5,4,1,2};\n\t\tcocktailSort(arr);\n\t\tSystem.out.print(\"Sorted array: \");\n\t\tfor(int i = 0; i < arr.length; i++) {\n\t\t\tSystem.out.print(arr[i] + \" \");\n\t\t}\n\t}\n\tpublic static int[] cocktailSort(int[] arr) {\n\t\tif(isSorted(arr)) {\n\t\t\treturn arr;\n\t\t}\n\t\tif(yon) {\n\t\t\tfor(int i = 0; i < arr.length-1; i++) {\n\t\t\t\tif(arr[i] > arr[i+1]) {\n\t\t\t\t\tint temp = arr[i+1];\n\t\t\t\t\tarr[i+1] = arr[i];\n\t\t\t\t\tarr[i] = temp;\n\t\t\t\t}\n\t\t\t}\n\t\t}\n\t\telse {\n\t\t\tfor(int i = arr.length-1; i > 1; i--) {\n\t\t\t\tif(arr[i] < arr[i-1]) {\n\t\t\t\t\tint temp = arr[i-1];\n\t\t\t\t\tarr[i-1] = arr[i];\n\t\t\t\t\tarr[i] = temp;\n\t\t\t\t}\n\t\t\t}\n\t\t}\n\t\tyon = !yon;\n\t\treturn cocktailSort(arr);\n\t}\n\tpublic static boolean isSorted(int[] arr) {\n\t\tfor(int i = 0; i < arr.length-1; i++) {\n\t\t\tif(arr[i] > arr[i+1])\n\t\t\t\treturn false;\n\t\t}\n\t\treturn true;\n\t}\n}",
      "Collatz.java": "import java.util.Scanner;\npublic class Collatz {\n\tstatic int count = 0;\n\tpublic static void main(String[] args) {\n\t\tScanner scan = new Scanner(System.in);\n\t\tSystem.out.print(\"Enter a number: \");\n\t\tint number = scan.nextInt();\n\t\tcollatz(number);\n\t\tSystem.out.print(\"The result is: \" + count);\n\t\tscan.close();\n\t}\n\tpublic static int collatz(int i) {\n\t\tif(i == 1) {\n\t\t\treturn 1;\n\t\t}\n\t\tcount++;\n\t\tif(i%2 == 0) {\n\t\t\treturn collatz(i/2);\n\t\t}\n\t\telse {\n\t\t\treturn collatz(3*i + 1);\n\t\t}\n\t}\n}\n",
      "Sayac.java": "public class Sayac {\n\tString word;\n\tint birler, index;\n\tSayac(String word){\n\t\tthis.word = word;\n\t\tthis.birler = 0;\n\t\tthis.index = 0;\n\t}\n\tint say() {\n\t\t\tif(word.charAt(index) == '1') {\n\t\t\t\tbirler++;\n\t\t\t}\n\t\t\tif(index == word.length()-1) {\n\t\t\t\treturn birler;\n\t\t\t}\n\t\t\tindex++;\n\t\t\treturn say();\n\t}\n\tpublic static void main(String[] args) {\n\t\tSayac s1 = new Sayac(\"110000111\");\n\t\tSystem.out.println(s1.say());\n\t}\n}"
    },
    {
      "id": "4810237",
      "Main.java": "package coctail;\n\npublic class Main {\n\tstatic int i=0;\n\tstatic int j=1;\n\tstatic int k=0;\n\tpublic static void cocktailSort(int[] arr) {\n\t\tif(dogrumu(arr)==1){\n\t\t\tSystem.out.println(arr);\n\t\t}\n\t\telse {\n\t\t\twhile(arr[j]<arr[arr.length]&&arr[i]<arr[arr.length]) {\n\t\t\t\tif(arr[i]>arr[j]){\n\t\t\t\t\tint gecici=arr[i];\n\t\t\t\t\tarr[i]=arr[j];\n\t\t\t\t\tarr[j]=gecici;\n\t\t\t\t\ti=j;\n\t\t\t\t\tj++;\n\t\t\t\t\tcocktailSort(arr);\n\t\t\t\t}\n\t\t\t\telse {\n\t\t\t\t\tj++;\n\t\t\t\t\tcocktailSort(arr);\n\t\t\t\t}\n\t\t\t}\n\t\t\ti=0;\n\t\t\tj=1;\n\t\t\tcocktailSort(arr);\n\t\t}\t\t\n\t\t}\n\t\t\n\tpublic static int dogrumu(int []dizi) {\n\t\twhile(dizi[k+1]<dizi[dizi.length]) {\n\t\t\tif(dizi[k]>dizi[k+1]) {\n\t\t\t\treturn -1;\n\t\t\t}\n\t\t\telse {\n\t\t\t\tk++;\n\t\t\t\tdogrumu(dizi);\n\t\t\t}\n\t\t}\n\t\treturn 1;\n\t}\n\tpublic static void main(String[] args) {\n\t\tint [] dizi= {5,4,1,2};\n\t\tcocktailSort(dizi);\n\t}\n\n}\n",
      "Main_1.java": "package collatz;\n\nimport java.util.Scanner;\n\npublic class Main {\n\tstatic int adim_sayisi=0;\n\tpublic static int collatz(int i) {\n\t\tif(i==1){\n\t\t\treturn adim_sayisi;\n\t\t}\n\t\tif(i%2==0) {\n\t\t\ti/=2;\n\t\t\tadim_sayisi++;\n\t\t\tcollatz(i);\n\t\t}\n\t\telse {\n\t\t\ti=i*3+1;\n\t\t\tadim_sayisi++;\n\t\t\tcollatz(i);\n\t\t}\n\t\treturn adim_sayisi;\n\t\t\n\t}\n\tpublic static void main(String[] args) {\n\t\tSystem.out.println(\"Sayı giriniz\");\n\t\tScanner scanner=new Scanner(System.in);\n\t\tint sayi=scanner.nextInt();\n\t\tif(sayi<=0) {\n\t\t\tSystem.out.println(\"Geçersiz sayı\");\n\t\t}\n\t\telse {\n\t\t\tSystem.out.println(sayi+\" sayısı \"+collatz(sayi)+\" adımda 1 sayısına dönüyor\");\n\t\t}\n\t\t\n\t\t\n\n\t}\n\n}\n"
    },
    {
      "id": "9245287",
      "Q2.java": "public class Q2 {\n    public static void main(String[] args) {\n        int[] a = { 5, 4, 1, 2, 6 };\n        cocktailSort(a);\n        for (int x : a)\n            System.out.println(x);\n    }\n\n    public static void helper(int i, int[] arr) {\n        if (i + 1 == arr.length) // eger son elemana geldiysek\n            return;\n        if (arr[i] > arr[i + 1]) {\n            int temp = arr[i];\n            arr[i] = arr[i + 1];\n            arr[i + 1] = temp;\n        }\n        helper(i + 1, arr);\n    }\n\n    public static void helper2(int i, int[] arr) {\n        if (i == 0) // eger ilk elemana geldiysek - base\n            return;\n        if (arr[i - 1] > arr[i]) {\n            int temp = arr[i];\n            arr[i] = arr[i - 1];\n            arr[i - 1] = temp;\n        }\n        helper2(i - 1, arr);\n\n    }\n\n    public static void cocktailSort(int[] arr) {\n        for (int i = 0; i < arr.length / 2; i++) {\n            helper(i, arr);\n            helper2(arr.length - 1 - i, arr);\n        }\n    }\n}\n",
      "Q1.java": "public class Q1 {\n    public static void main(String[] args) {\n        System.out.println(collatz(5));\n    }\n\n    public static int collatz(int i) {\n        if (i == 1)\n            return 0;\n        if (i % 2 == 0)\n            return collatz(i / 2) + 1;\n        else\n            return collatz(3 * i + 1) + 1;\n    }\n}\n",
      "Q3.java": "public class Q3 {\n    public static void main(String[] args) {\n        Sayac s1 = new Sayac(\"10001\");\n        Sayac s2 = new Sayac(\"1111\");\n        System.out.println(s1.say());\n        System.out.println(s2.say());\n    }\n}\n\nclass Sayac {\n    String s;\n\n    public Sayac(String s) {\n        this.s = s;\n    }\n\n    public int say() {\n        if (s.length() == 1) { // base condition\n            if (s.charAt(0) == '1')\n                return 1;\n            else\n                return 0;\n        }\n        Sayac d = new Sayac(s.substring(1));\n        if (s.charAt(0) == '1')\n            return 1 + d.say();\n        else\n            return d.say();\n    }\n}\n"
    },
    {
      "id": "4540765",
      "main.java": "package quiz1bil211nebiyanar;\n\npublic class main {\n\n\t\n\tpublic static int collatz(int i,int count) {\n\t\n\tif(i==1)\n\t{\n\t\treturn count ;\n\t}\n\t\t\n\t\t\n\telse if(i%2==0)\n\t{\n\t\t\n\t\treturn collatz(i/2,count+1);\n\t}\n\t\n\telse\n\t{\n\t\t\n\t\treturn collatz(3*i+1,count+1);\n\t}\n\t\n\t}\n\t\n\t\n\tpublic static void cocktailsort(int[] arr,int iteration)\n\t{\n\t\t//iteration 0 başlatılacak\n\t\tif(iteration==arr.length-1)\n\t\t{\n\t\t\t\n\t\t}\n\t\t\n\t\t\n\t\telse \n\t\t{\n\t\t\tif(iteration%2==0)\n\t\t\t{\n\t\t\t\t\n\t\t\tfor(int i=0;i<arr.length-1;i++)\n\t\t\t\t{\n\t\t\t\t\n\t\t\t\n\t\t\t\t\n\t\t\tif(arr[i]>arr[i+1])\n\t\t\t\t\t{\n\t\t\t\tint temp=arr[i];\n\t\t\t\tarr[i]=arr[i+1];\n\t\t\t\tarr[i+1]=temp;\n\t\t\t\t\t}\n\t\t\t\t}\n\t\t\tcocktailsort(arr, iteration+1);\n\t\t\t}\n\t\t\t\n\t\t\telse \n\t\t\t{\n\t\t\t\n\t\t\t\tfor(int i=arr.length-1;i>0;i--)\n\t\t\t\t{\n\t\t\t\t\t\n\t\t\t\t\n\t\t\t\tif(arr[i-1]>arr[i])\n\t\t\t{\n\t\t\t\tint temp=arr[i-1];\n\t\t\t\tarr[i-1]=arr[i];\n\t\t\t\tarr[i]=temp;\n\t\t\t}\t\n\t\t\t\t}\n\t\t\t\tcocktailsort(arr, iteration+1);\n\t\t\t\t\n\t\t\t\t\n\t\t\t\t\n\t\t\t}\n\t\t\t\t\n\t\t\t\t\n\t\t\t\t\n\t\t\t\t\n\t\t\t\t\n\t\t\t}\n\t\t\t\n\t\t\t\n\t\t\t\n\t\t}\n\t\t\n\t\t\n\t\n\t\t\n\t\t\n\t\n\t\n\t\n\t\n\tpublic static void main(String[] args) {\n\t\t//System.out.println(collatz(5,0));\n\t\tSayac sayac=new Sayac(\"10001\");\n\t\t//System.out.println(sayac.say());\n\t\tint[] arr1= {1,4,5,7,3,2};\n\t\tcocktailsort(arr1, 0);\n\t\tfor(int i=0;i<arr1.length;i++)\n\t\t{\n\t\tSystem.out.println(arr1[i]);\t\n\t\t}\n\t\t\n\t\t\n\t}\n\n}\n",
      "Sayac.java": "package quiz1bil211nebiyanar;\n\npublic class Sayac {\n\t\n\t\tstatic String str1;\n\tpublic Sayac(String str)\n\t{\n\t\tstr1=str;\n\t\t\n\t}\n\t\n\tpublic static int say()\n\t{\n\t\treturn say(str1);\n\t}\n\n\tpublic static int say(String str1)\n\t{\n\t\tif(str1.length()==0)\n\t\t\treturn 0;\n\t\telse \n\t\t{\n\t\t\n\t\t\tif(str1.charAt(0)=='1')\n\t\t\t\treturn 1+ say(str1.substring(1));\n\t\t\telse \n\t\t\t{\n\t\t\t\treturn say(str1.substring(1));\n\t\t\t}\n\t\t\t\n\t\t\t\n\t\t}\n\t}\n}\n"
    },
    {
      "id": "6418019",
      "Sayac.java": "package bil211_lab;\n\npublic class Sayac {\n    String str;\n\n    public Sayac(String str){\n        this.str = str;\n    }\n\n    public int say1(String input){\n        if(input.length() == 0){\n            return 0;\n        }\n\n        if(input.charAt(0) == '1'){\n            return 1 + say1(input.substring(1));\n        }\n        else{\n            return say1(input.substring(1));\n        }\n    }\n\n    public int say(){\n        return say1(str);\n    }\n}\n",
      "lab1.java": "package bil211_lab;\n\npublic class lab1 {\n    public static void main(String[] args) {\n\n        System.out.println(collatz(5));\n\n        int[] ar = {5, 4, 1, 2};\n        cocktailSort(ar);\n\n        for(int i = 0; i<ar.length; i++){\n            System.out.println(ar[i]);\n        }\n\n        Sayac s1 = new Sayac(\"10001\");\n        System.out.println(s1.say());\n\n    }\n\n    public static int collatz(int i){\n\n        if(i == 1){\n            return 0;\n        }\n\n        if(i%2 == 0){\n            return 1 + collatz(i/2);\n        }\n        else{\n            return 1 + collatz(i*3 + 1);\n        }\n    }\n\n    public static void cocktailSort(int[] arr){\n\n        sort2(arr, 0, arr.length - 1, false);\n      \n    }\n\n\n    public static void sort2(int[] array, int start, int end, boolean direction){\n        if(start >= end){\n            return;\n        }\n         \n        if(direction == false){\n            for(int i = start; i < end; i++){\n                if(array[i] > array[i+1]){\n                    int buyuk = array[i];\n                    array[i] = array[i+1];\n                    array[i+1] = buyuk;\n                }\n            }\n            end--;\n\n        }\n        else{\n            for(int i = end; i>0; i-- ){\n                if(array[i] < array[i-1]){\n                    int kucuk = array[i];\n                    array[i] = array[i-1];\n                    array[i-1] = kucuk;\n                }\n            }\n            start++;\n        }\n        sort2( array,start,  end,  !direction);\n    }\n\n\n\n    \n}\n"
    },
    {
      "id": "4114373",
      "Lab1Q3.java": "public class Lab1Q3 {\n    public static void main(String[] args){\n        Sayac s1 = new Sayac(\"10001\");\n        Sayac s2 = new Sayac(\"1111\");\n        System.out.println(s1.say());\n    }\n}\n\nclass Sayac{\n        \n    String str;\n\n    public Sayac(String str){\n        this.str = str;\n    }\n\n    public int say(){\n            \n        if(str.indexOf('1')==-1){\n            return 0;\n        }\n\n        else{\n            str = str.substring(str.indexOf('1')+1, str.length());\n            return say() + 1;\n        }\n            \n    }\n}",
      "Lab1Q2.java": "public class Lab1Q2 {\n    public static void main(String[] args){\n        int[] a = {5,4,1,2}; \n        cocktailSort(a);\n    }\n\n    public static void cocktailSort(int[] arr){\n        \n        boolean flag = false;\n        \n        for(int i = 1; i < arr.length; i++){\n            if(arr[i-1]>arr[i]){\n                int temp = arr[i];\n                arr[i] = arr[i-1];\n                arr[i-1] = temp;\n                flag = true;\n            }\n        }\n\n        if(!flag){\n            for(int i = 0; i < arr.length; i++){\n                System.out.print(arr[i] + \" \");\n            }\n        }\n\n        else{\n            cocktailSort(arr);\n        }\n    }\n}",
      "Lab1Q1.java": "public class Lab1Q1 {\n    public static void main(String[] args){\n        System.out.println(collatz(5));\n    }\n\n    public static int collatz(int i){\n        if(i == 1){\n            return 0;\n        }\n\n        if(i%2==0){\n            return collatz(i/2) + 1;\n        }\n\n        else{\n            return collatz(3*i + 1) + 1;\n        }\n    }\n}\n"
    },
    {
      "id": "3963286",
      "Collatz.java": "import java.util.Scanner;\npublic class Collatz \n{\n    public static void main(String[] args) \n    {\n        Scanner scan=new Scanner(System.in);\n        System.out.println(collatz(scan.nextInt()));\n        scan.close();\n    }\n    public static int collatz(int i)\n    {\n        if(i==1)\n        {\n            return 0;\n        }\n        else if(i%2==0)\n        {\n            return collatz(i/2)+1;\n        }\n        else\n        {\n            return collatz(i*3+1)+1;\n        }\n    }\n    \n}",
      "birler.java": "public class birler \n{\n    public static void main(String[] args) \n    {\n        Sayac s=new Sayac(\"10001\");\n        System.out.println(s.say());\n    }\n}\nclass Sayac \n{\n    String str;\n        public Sayac(String str)\n        {\n            this.str=str;\n        }\n        public int say()\n        {\n        if(str.equals(\"\"))\n        {\n            return 0;\n        }\n        else if(str.charAt(0)=='1')\n        {\n            str=str.substring(1);\n            return 1+say();\n        }\n        else\n        {\n            str=str.substring(1);\n            return 0+say();\n        }\n        \n    }\n}\n"
    },
    {
      "id": "4810237",
      "Main.java": "package collatz;\n\nimport java.util.Scanner;\n\npublic class Main {\n\tstatic int adim_sayisi=0;\n\tpublic static int collatz(int i) {\n\t\tif(i==1){\n\t\t\treturn adim_sayisi;\n\t\t}\n\t\tif(i%2==0) {\n\t\t\ti/=2;\n\t\t\tadim_sayisi++;\n\t\t\tcollatz(i);\n\t\t}\n\t\telse {\n\t\t\ti=i*3+1;\n\t\t\tadim_sayisi++;\n\t\t\tcollatz(i);\n\t\t}\n\t\treturn adim_sayisi;\n\t\t\n\t}\n\tpublic static void main(String[] args) {\n\t\tSystem.out.println(\"Sayı giriniz\");\n\t\tScanner scanner=new Scanner(System.in);\n\t\tint sayi=scanner.nextInt();\n\t\tif(sayi<=0) {\n\t\t\tSystem.out.println(\"Geçersiz sayı\");\n\t\t}\n\t\telse {\n\t\t\tSystem.out.println(sayi+\" sayısı \"+collatz(sayi)+\" adımda 1 sayısına dönüyor\");\n\t\t}\n\t\t\n\t\t\n\n\t}\n\n}\n",
      "Main_1.java": "package coctail;\n\npublic class Main {\n\tstatic int i=0;\n\tstatic int j=1;\n\tstatic int k=0;\n\tpublic static void cocktailSort(int[] arr) {\n\t\tif(dogrumu(arr)==1){\n\t\t\tSystem.out.println(arr);\n\t\t}\n\t\telse {\n\t\t\twhile(arr[j]<arr[arr.length]) {\n\t\t\t\tif(arr[i]>arr[j]){\n\t\t\t\t\tint gecici=arr[i];\n\t\t\t\t\tarr[i]=arr[j];\n\t\t\t\t\tarr[j]=gecici;\n\t\t\t\t\ti=j;\n\t\t\t\t\tj++;\n\t\t\t\t\tcocktailSort(arr);\n\t\t\t\t}\n\t\t\t\telse {\n\t\t\t\t\tj++;\n\t\t\t\t\tcocktailSort(arr);\n\t\t\t\t}\n\t\t\t}\n\t\t\ti=0;\n\t\t\tj=1;\n\t\t\tcocktailSort(arr);\n\t\t}\t\t\n\t\t}\n\t\t\n\tpublic static int dogrumu(int []dizi) {\n\t\twhile(dizi[k]<dizi[dizi.length]) {\n\t\t\tif(dizi[k]>dizi[k+1]) {\n\t\t\t\treturn -1;\n\t\t\t}\n\t\t\telse {\n\t\t\t\tk++;\n\t\t\t\tdogrumu(dizi);\n\t\t\t}\n\t\t}\n\t\treturn 1;\n\t}\n\tpublic static void main(String[] args) {\n\t\tint [] dizi= {5,4,1,2};\n\t\tcocktailSort(dizi);\n\t}\n\n}\n"
    },
    {
      "id": "1889298",
      "Q2.java": "\npublic class Q2 {\n\n    public static void main(String[] args) {\n        int[] arr ={5,4,1,2};\n        cocktailSort(arr);\n    }\n    public static void cocktailSort(int[] arr){\n        righttoleft(arr);\n    }\n//==========================================================================================0\n    public static void righttoleft(int[] arr){\n    boolean y = false;\n    for(int x = 0; x<arr.length;x++){\n        for(int i =x+1;i<arr.length-x;i++){\n            int temp = 0;\n            if(arr[x]>arr[i]){\n                temp=arr[x];\n                arr[x]=arr[i];\n                arr[i]=temp;\n                \n            }\n        }\n        if (isSorted(arr)){\n            y=true;\n\n            if (y){\n                for(int i=0;i<arr.length;i++){\n                    System.out.print(arr[i]);\n                }\n            }\n\n            else{\n                lefttoright(arr);\n            }\n        }       \n    }      \n    }\n//==========================================================================================0\n    public static void lefttoright(int[] arr){\n        boolean y = false;\n        for(int x = arr.length; 0<x;x--){\n            for(int i =x-1;i>0;i--){\n                int temp = 0;\n                if(arr[x]<arr[i]){\n                    temp=arr[x];\n                    arr[x]=arr[i];\n                    arr[i]=temp;\n                    \n                }\n            }\n            if (isSorted(arr)){\n                y=true;\n    \n                if (y){\n                    for(int i=0;i<arr.length;i++){\n                        System.out.print(arr[i]);\n                    }\n                }\n    \n                else{\n                    righttoleft(arr);\n                }\n            }       \n        }      \n        }\n//==========================================================================================0\npublic static boolean isSorted(int[] arr){\n    boolean boo = true;\n    for(int i = 0;i<arr.length-1;i++){\n        for(int j = i+1;j<arr.length;j++)\n        if(arr[i]>arr[j]){\n            boo = false;\n        }\n    }\n    if(boo){\n        return true;\n    }\n    else{\n        return false;\n    }\n}\n//==========================================================================================0\n\n}",
      "Q1.java": "import java.util.*;\n\nclass Q1{\n    public static void main(String[] args) {\n        Scanner scan = new Scanner(System.in);\n        int x = scan.nextInt();\n        System.out.println(collatz(x));\n        scan.close();\n    }\n\n    public static int collatz (int i){\n\n        if(i%2==0){\n            i=i/2;\n        }\n\n        else{\n            i=3*i+1;\n        }\n\n        if (i==1){\n            return 1;\n        }\n\n        else{\n        return 1+collatz(i);\n        }\n\n\n    }\n}",
      "Q3.java": "public class Q3 {\n\n    public static void main(String[] args) {\n        Sayac s1 = new Sayac(\"10001\");\n        Sayac s2 = new Sayac(\"1111\");\n        s1.say();\n\n    }\n}\n\nclass Sayac{\n    public String str;\n\n    public String getStr() {\n        return str;\n    }\n\n   public Sayac(String str){\n       this.str=str;\n   }\n\n   public int say() {\n    String string = getStr();\n       return sayanadam(string, 1);\n   }\n\n   public int sayanadam(String str,int x){\n       String f = str.substring(0,str.length()-x);\n       String h = str.substring(str.length()-x, str.length()-x+1);\n\n       if(f.length()==1){\n           if(h.equals(\"1\")){\n               return 1;\n           }\n           else{\n               return 0;\n           }\n       }\n\n       else{\n       if(h.equals(\"1\")){\n           return 1 + f.say();\n       }\n       else{\n           return f.say();\n       }\n   }\n\n\n\n       \n   }\n}\n\n\n\n"
    },
    {
      "id": "6494434",
      "Sayac.java": "public class Sayac {\n    private String str;\n\n    public Sayac(String str) {\n        this.str = str;\n    }\n\n    public int say() {\n        return sayRecursive(str);\n    }\n\n    private int sayRecursive(String str) {\n        if (str.length() == 0) {\n            return 0; // Boş string\n        }\n\n        int count = (str.charAt(0) == '1') ? 1 : 0;\n\n        return count + sayRecursive(str.substring(1));\n    }\n}\n\n",
      "lab1.java": "public class lab1 {\n    public static void main(String[] args) {\n        System.out.println(collatz(5));\n        System.out.println(collatz(8));\n        System.out.println(\"------------\");\n\n        Sayac s1 = new Sayac(\"10001\");\n        Sayac s2 = new Sayac(\"1111\");\n        Sayac s3 = new Sayac(\"0101001\");\n        System.out.println(\"------------\");\n\n        System.out.println(s1.say());\n        System.out.println(s2.say());\n        System.out.println(s3.say());\n        System.out.println(\"------------\");\n        \n        int [] array1  = {5,4,1,2};\n        cocktailSort(array1);\n        printArr(array1);\n        int [] array2  = {6,4,8,1,3,9};\n        cocktailSort(array2);\n        printArr(array2);\n    }\n\n    public static int collatz(int i) {\n        if (i == 1) {\n            return 0; // 1'e ulaştığımızda adım sayısı 0'dır.\n        }\n        if (i % 2 == 0) {\n            return 1 + collatz(i / 2);\n        } else {\n            return 1 + collatz(3 * i + 1);\n        }\n    }\n\n    public static void cocktailSort(int[] arr) {\n        cocktailSort2(arr, 0, arr.length - 1);\n    }\n\n    public static void cocktailSort2(int[] arr, int start, int end) {\n        if (start >= end) {\n            return; // işlem tamam\n        }\n\n        boolean degistiMi = false;\n\n        // Soldan sağa bubble sort\n        for (int i = start; i < end; i++) {\n            if (arr[i] > arr[i + 1]) {\n                int temp = arr[i];\n                arr[i] = arr[i + 1];\n                arr[i + 1] = temp;\n                degistiMi = true;\n            }\n        }\n\n        // degistiMi = false ise dizi sıralıdır\n        if (!degistiMi) {\n            return;\n        }\n\n        degistiMi = false;\n\n        // Sağdan sola bubble sort\n        for (int i = end - 1; i > start; i--) {\n            if (arr[i] < arr[i - 1]) {\n                int temp = arr[i];\n                arr[i] = arr[i - 1];\n                arr[i - 1] = temp;\n                degistiMi = true;\n            }\n        }\n\n        // BAŞ VE SON HARİCİ TEKRAR BAK\n        cocktailSort2(arr, start + 1, end - 1);\n    }\n\n    public static void printArr(int[] arr) {\n        for (int i : arr) {\n            System.out.print(i + \" \");\n        }\n        System.out.println();\n    }\n}\n\n\n\n\n\n\n\n\n\n\n\n\n\n\n\n\n\n"
    },
    {
      "id": "8857652",
      "Lab1Q2.java": "public class Lab1Q2 {\n\n    public static void main(String[] args) {\n        int[] arr = {5,4,1,2};\n        cocktailSort(arr);\n        for(int arrs : arr){\n            System.out.print(arrs);\n        }\n    }\n    \n    public static void cocktailSort(int[] arr){\n        int count=1;\n\n        for(int i=0; i<arr.length; i++){\n            if(i%2==0){\n                count=1;\n            }\n\n            else{\n                count=0;\n            }\n\n            cocktailSort(arr,count);\n\n        }\n        \n        \n        \n\n    }\n\n    private static void cocktailSort(int[] arr, int count){\n\n        if(count==1){\n\n            int temp=0;\n            for(int i=0, j=1; j<arr.length; i++,j++){\n                if(arr[i]>arr[j]){\n                   temp = arr[i];    \n                    arr[i] = arr[j];    \n                   arr[j] = temp;\n             }\n            }\n\n\n        }\n        if(count==0){\n\n            int temp=0;\n            for(int i=arr.length-2, j=arr.length-1; i>0; i--,j--){\n                if(arr[i]>arr[j]){\n                    temp = arr[i];    \n                    arr[i] = arr[j];    \n                    arr[j] = temp;\n                }\n        }\n        \n\n        }\n        \n    }\n    /* public static void up(int[] arr){\n        //int index=0;\n        \n\n        \n        \n\n    } */\n\n    /* public static void down(int[] arr){\n        //int index=0;\n        \n        \n\n    } */\n\n\n\n        \n        \n    \n}\n\n\n\n/* public static void bubbleSortUp(int[] arr) {    \n    int n = arr.length;    \n    int temp = 0;    \n        for(int i=0; i < n; i++){    \n            for(int j=1; j < (n-i); j++){    \n                    if(arr[j-1] > arr[j]){    \n                           \n                        temp = arr[j-1];    \n                        arr[j-1] = arr[j];    \n                        arr[j] = temp;    \n                    }          \n            }    \n        }\n    count=0; \n}   */\n",
      "Sayac.java": "public class Sayac {\n    \n    private String str;\n    \n    public Sayac(String str){\n        this.str=str;\n    }\n    \n    public int say(){\n        return(say(str));\n\n    }\n    private static int say(String str){\n        if(str.length()<1){\n            return 0;\n        }\n        else if(str.charAt(0)!='1'){\n            return 0 + say(str.substring(1));\n        }\n        else{\n            return 1 + say(str.substring(1));\n        }\n\n    }\n\n    public static void main(String[] args) {\n        Sayac s1 = new Sayac(\"10001\");\n        System.out.println(s1.say()); \n\n    }\n\n}\n",
      "Lab1Q1.java": "public class Lab1Q1 {\n\n    public static void main(String[] args) {\n        \n        System.out.println(collatz(1));\n        //collatz(16);\n        System.out.println(collatz(16));\n        System.out.println(collatz(5));\n        \n    }\n\n    public static int collatz(int i){\n\n        if(i==1){\n            return 0;\n        }\n        else if(i%2==0){//i even ise\n            return 1 + collatz(i/2);\n        }\n        else { //i odd ise \n            return 1 + collatz((3*i)+1);\n        }\n        //return collatz(i);\n       // return i;\n    }\n\n    \n    \n\n}\n"
    },
    {
      "id": "2103960",
      "LAB1Q2.java": "public class LAB1Q2 {\n    public static void main(String[] args) {\n        int[] arr = { 5, 4, 1, 2 };\n\n        cocktailSort(arr);\n\n        for (int i = 0; i < arr.length; i++) {\n            System.out.println(arr[i]);\n        }\n\n    }\n\n    public static void cocktailSort(int[] arr) {\n\n        while (!Sorted(arr)) {\n\n            for (int i = 0; i < arr.length - 1; i++) {\n                if (arr[i] > arr[i + 1]) {\n                    int temp = arr[i];\n                    arr[i] = arr[i + 1];\n                    arr[i + 1] = temp;\n                }\n            }\n            cocktailSort1(arr);\n\n        }\n\n    }\n\n    public static void cocktailSort1(int[] arr) {\n\n        while (!Sorted(arr)) {\n\n            for (int i = arr.length - 1; i > 0; i--) {\n                if (arr[i] < arr[i - 1]) {\n                    int temp = arr[i];\n                    arr[i] = arr[i - 1];\n                    arr[i - 1] = temp;\n                }\n            }\n            cocktailSort(arr);\n\n        }\n\n    }\n\n    public static boolean Sorted(int[] arr) {\n        boolean flag = true;\n        for (int i = 0; i < arr.length - 1; i++) {\n            if (arr[i] > arr[i + 1]) {\n                flag = false;\n            }\n\n        }\n\n        return flag;\n    }\n}\n",
      "LAB1Q1.java": "public class LAB1Q1 {\n    public static void main(String[] args) {\n        System.out.println(collatz(5));\n\n    }\n\n    public static int collatz(int i) {\n        if (i == 1) {\n            return 0;\n        } else if (i % 2 == 0) {\n            return 1 + collatz(i / 2);\n        } else {\n            return 1 + collatz(3 * i + 1);\n        }\n    }\n\n}\n",
      "LAB1Q3.java": "public class LAB1Q3 {\n    public static void main(String[] args) {\n        Sayac s1 = new Sayac(\"10001\");\n        Sayac s2 = new Sayac(\"1111\");\n        System.out.println(s1.say());\n        System.out.println(s2.say());\n\n    }\n\n}\n\nclass Sayac {\n\n    public String str;\n\n    Sayac(String str) {\n        this.str = str;\n\n    }\n\n    public int say() {\n        String str2 = this.str;\n        if (str2.length() == 1) {\n            if (str2.charAt(0) == '1') {\n                return 1;\n            } else {\n                return 0;\n            }\n        }\n        if (str2.charAt(0) == '1') {\n            Sayac s2 = new Sayac(str2.substring(1));\n            return 1 + s2.say();\n        } else {\n            Sayac s2 = new Sayac(str2.substring(1));\n            return s2.say();\n        }\n    }\n}\n"
    },
    {
      "id": "8059049",
      "bil211lab1q2.java": "public class bil211lab1q2 {\n    public static void main(String[] args) {\n        \n        int[]arr={5,4,1,2};\n      cocktailSort(arr);\n      for(int i=0;i<arr.length;i++){\n        System.out.print(arr[i]+\" \");\n      }\n    }\n    public static void cocktailSort(int[]arr){\n       recursiveShake(arr, 1);\n        \n    }\n    public static void recursiveShake(int[]arr,int index){\n     if(index>=arr.length)\n      return ;\n        for(int i=0;i<index;i++){\n            if(arr[i]>arr[i+1]){\n                int temp=arr[i];\n                arr[i]=arr[i+1];\n                arr[i+1]=temp;\n    \n             }\n        }\n        for(int i=index;i<arr.length-1;i++){\n            if(arr[i]>arr[i+1]){\n                int tem=arr[i];\n                arr[i]=arr[i+1];\n                arr[i+1]=tem;\n            }\n            \n        }\n      recursiveShake(arr,index+1);\n         \n    }\n}\n",
      "bil211lab1q1.java": "public class bil211lab1q1 {\n    public static void main(String[] args) {\n        System.out.print(collatz(5));\n    }\n    public static int collatz(int i){\n        if(i==1)\n         return 0;\n         if(i%2==0){\n          return 1+collatz(i/2);\n         }\n         return 1+collatz (i*3+1);\n    }\n}\n",
      "bil211lab1q3.java": "\npublic class bil211lab1q3 {\n    public static void main(String[] args) {\n        sayac s1=new sayac(\"10001\");\n        sayac s2=new sayac(\"1111\");\n        System.out.println(s1.say());\n        System.out.println(s2.say());\n    }\n}\nclass sayac{\n    private String str;\n     public sayac(String str){\n         this.str=str;\n     }\n     public int say(){\n        return counter(str,0);\n     }\n     private int counter(String str,int i){\n         if(i>=str.length())\n           return 0;\n          \n           if(str.charAt(i)=='1'){\n             \n             return 1+counter(str.substring(1),i);\n           }\n            \n \n            return counter(str.substring(1),i);\n     }\n \n } \n\n"
    },
    {
      "id": "5361565",
      "l1q3.java": "import java.util.Scanner;\n\npublic class l1q3 {\n    public static void main(String[] args) {\n        Scanner scan=new Scanner(System.in);\n        System.out.println(\"Enter the number\");\n        int i=scan.nextInt();\n        Sayac s1=new Sayac(i);\n        System.out.println(s1.say(i));\n\n        \n    }\n    \n}\nclass Sayac{\n    int i;\n    public Sayac(int i){\n        this.i=i;\n    }\n    public static int say(int i){\n        if(i<10){\n            if(i==1){\n                return 1;\n            }\n            else{\n                return 0;\n            }\n        }\n        else{\n            if(i%10==1){\n                return 1 +say(i/10);\n            }\n            else{\n                return say(i/10);\n            }\n        }\n    }\n\n}\n",
      "l1q2.java": "\n\npublic class l1q2 {\n    public static void main(String[] args) {\n        int[] arr={5,4,2,1};\n        cocktailSort(arr);\n        for(int a=0 ;a<arr.length; a++){\n            System.out.print(arr[a] +\" \");\n        }\n    }\n\n    public static void cocktailSort(int[] arr){\n        for(int a=0;a<arr.length; a++){\n            help(arr, a);\n            help2(arr, arr.length-1-a);\n        }\n        \n    }\n    public static void help(int[] arr,int m)\n    {\n        if(m==arr.length-1){\n        return;\n        }\n        if(arr[m]>arr[m+1]){\n            int t=arr[m];\n            arr[m]=arr[m+1];\n            arr[m+1]=t;\n            \n    }\n    help(arr, m+1);\n        }\n\n        public static void help2(int[] arr,int n){\n            if(n==0){\n                return ;\n            }\n            \n            if(arr[n]<arr[n-1]){\n            int p=arr[n];\n            arr[n]=arr[n-1];\n            arr[n-1]=p;\n        }\n        help2(arr,n-1);\n            \n        }\n    }",
      "l1q1.java": "import java.util.Scanner;\n\npublic class l1q1 {\n    public static void main(String[] args) {\n        Scanner scan=new Scanner(System.in);\n        System.out.println(\"Enter the number i\");\n        int i=scan.nextInt();\n        int output=collatz(i);\n        System.out.println(i);\n    }\n    public static int collatz(int i){\n        if(i==1){\n            return 0;\n        }\n        else{\n            if(i%2==0){\n                return collatz(i/2);\n            }\n            else{\n                return collatz((i*3)+1);\n            }\n        }\n    } \n    \n}\n"
    },
    {
      "id": "3688139",
      "lab.java": "public class lab {\n    public static void main(String[] args) {\n        System.out.println(collatz(5));\n    }\n\n    public static int collatz(int i) {\n        if (i == 1) {\n            return 0;\n        } else if (i % 2 == 0) {\n            return collatz(i / 2) + 1;\n        } else {\n            return collatz(i * 3 + 1) + 1;\n        }\n    }\n}\n",
      "labq3.java": "public class labq3 {\n    public static void main(String[] args) {\n        sayac s1 = new sayac(\"101101\");\n        sayac s2 = new sayac(\"0111\");\n        System.out.println(s2.say());\n    }\n}\n\nclass sayac {\n    String num;\n    String newnum;\n    // ilk num kaybolmasın diye iki tane oluşturdum//\n    int ind = 0;\n\n    public sayac(String num) {\n        this.num = num;\n        newnum = num;\n    }\n\n    public int say() {\n        if (ind == num.length() - 1) {\n            if (num.charAt(ind) == '1') {\n                return 1;\n            } else {\n                return 0;\n            }\n        } else if (newnum.charAt(0) == '1') {\n            newnum = newnum.substring(1);\n            ind++;\n            return say() + 1;\n        } else {\n            newnum = newnum.substring(1);\n            ind++;\n            return say();\n        }\n\n    }\n}",
      "labq2.java": "public class labq2 {\n    public static void main(String[] args) {\n        int[] arr = { 5, 8, 1, 2, 1, 8, 0, 11, };\n        cocktailSort(arr);\n        System.out.println(arrayprint(arr, 0));\n    }\n\n    public static void cocktailSort(int[] arr) {\n        if (control(arr, 0) != 0) {\n            cocktailSort(arr);\n        }\n\n    }\n\n    public static int control(int[] arr, int a) {\n        if (a == arr.length - 1) {\n            return 0;\n        } else {\n            if ((arr[a] > arr[a + 1])) {\n                int x = arr[a];\n                arr[a] = arr[a + 1];\n                arr[a + 1] = x;\n                return control(arr, a + 1) + 1;\n            } else\n                return control(arr, a + 1);\n        }\n\n    }\n\n    public static String arrayprint(int[] arr, int a) {\n        if (a == arr.length - 1) {\n            return \"\" + arr[a];\n        } else {\n            return \"\" + arr[a] + \",\" + arrayprint(arr, a + 1);\n        }\n    }\n}"
    },
    {
      "id": "6157698",
      "Q2.java": "\npublic class Q2 {\n\tpublic static void cocktailSort(int[] arr) {\n\t\tboolean swapped = false;\n\t\tfor(int i= 0; i<arr.length-1; i++) {\n\t\t\tif(arr[i] > arr[i+1]) {\n\t\t\t\tint temp = arr[i];\n\t\t\t\tarr[i] = arr[i+1];\n\t\t\t\tarr[i+1] = temp;\n\t\t\t\tswapped = true;\n\t\t\t}\n\t\t}\n\t\tif(swapped) {\n\t\t\tint arr2[] = new int[arr.length-1];\n\t\t\tfor(int i=1; i< arr.length; i++) {\n\t\t\t\tarr2[i-1]= arr[i];\n\t\t\t\t}\n\t\t\tcocktailSort(arr);\n\t\t}\n\t}\n\tpublic static void main(String[] args) {\n\t\t// TODO Auto-generated method stub\n\t\tint arr[] = {5,4,1,2,7,125,90,12};\n\t\tcocktailSort(arr);\n\t\tfor(int i=0; i< arr.length; i++) {\n\t\t\tSystem.out.println(arr[i]);\n\t\t}\n\t}\n\n}\n/*\t\tif(arr.length == 2)\nreturn ;\nint arr2[] = new int[arr.length-1];\nif(arr[0] > arr[1]) {\nint temp = arr[0];\narr[0]=arr[1];\narr[1]=temp;\t\n}\nfor(int i=1; i< arr.length; i++) {\narr2[i-1]= arr[i];\n}\ncocktailSort(arr2);\n\n\ncocktailSort(arr2);*/",
      "Q1.java": "public class Q1 {\n\t\n\tpublic static int collatz(int i) {\n\t\tif(i == 1)\n\t\t\treturn 0;\n\t\t\n\t\tif(i%2 == 0)\n\t\t\treturn collatz(i/2)+1;\n\t\telse\n\t\t\treturn collatz(i*3+1)+1;\n\t}\n\t\n\tpublic static void main(String[] args) {\n\t\t// TODO Auto-generated method stub\n\t\tSystem.out.println(\"\\n\"+collatz(5));\n\t}\n\n}\n",
      "Q3.java": "public class Q3 {\n\n\tpublic static void main(String[] args) {\n\t\tSayac s1 = new Sayac(\"10001\");\n\t\tSayac s2 = new Sayac(\"1111\");\n\t\tSystem.out.println(s1.say()); // 2 basacak.\n\n\n\t}\n\n}\t\nclass Sayac{\n\tpublic String str;\n\t\n\tpublic Sayac(String str){\n\t\tthis.str = str;\n\t}\n\tpublic int say(){\n\t\tif(str.length()==0)\n\t\t\treturn 0;\n\t\t\n\t\tif(str.indexOf('1') == -1)\n\t\t\treturn 0;\n\t\telse {\n\t\t\tstr = str.substring(str.indexOf('1')+1);\n\t\t\treturn say()+1;\n\t\t}\n\t}\n}"
    },
    {
      "id": "1280995",
      "Collatz.java": "package test;\npublic class Collatz{\n    public static void main(String[] args){\n        System.out.println(collatz(5));\n    }\n\n    public static int collatz(int i){\n        if (i == 1) return 0;\n        else if (i%2==0){\n            return 1 + collatz(i/2);\n        }\n        else {\n            return 1 + collatz(i*3+1);\n        } \n    }\n}",
      "Cocktail.java": "package test;\npublic class Cocktail{\n    public static void main(String[] args){\n        int[] arr = {5,4,1,2};\n        cocktailSort(arr);\n        //printer\n        for (int i = 0; i < arr.length; i++){\n            System.out.print(arr[i] + \",\");\n    }\n    }\n\n    public static void cocktailSort(int[] arr){\n        bubble(arr, 0, arr.length - 1, false);\n    }\n\n    public static void bubble(int[] arr, int start, int end, boolean rightway){\n        rightway = true;\n        if (start == end && !isOrdered(arr) && rightway){\n            rightway = false;\n            bubble(arr, arr.length - 1, 0, rightway);\n            return;\n        }\n        if (start == end && !isOrdered(arr) && !rightway){\n            rightway = true;\n            bubble(arr, 0, arr.length, rightway);\n            return;\n        }\n        else if (start == end && isOrdered(arr))\n        {\n            return;\n        }\n        else if (end > start) {\n\n            if (arr[start] > arr[start + 1]){\n                int temp = arr[start + 1];\n                arr[start + 1] = arr[start];\n                arr[start] = temp; \n            }\n            bubble(arr, start + 1, end, rightway);\n            return;\n        }\n        else if (start > end) {\n            if (arr[start - 1] > arr[start]){\n                int temp = arr[start - 1];\n                arr[start - 1] = arr[start];\n                arr[start] = temp;    \n            }\n            bubble(arr, start - 1, end, rightway);\n            return;\n        }   \n    }\n\n    public static boolean isOrdered(int[] arr){\n        for (int i = 0; i < arr.length - 1; i++)\n        {\n            if (arr[i] > arr[i + 1]) return false;\n        }\n        return true;\n    }\n}",
      "Sayac.java": "package test;\npublic class Sayac{\n    String s;\n    \n    public Sayac(String s)\n    {\n        this.s = s;\n    }\n\n    public int say(){\n        if (s.indexOf('1') == -1) return 0;\n        else {\n            s = s.substring(0,s.indexOf('1')) + \"0\" + s.substring(s.indexOf('1') + 1,s.length());\n            return 1 + say();\n        }\n    }\n}\n\nclass testing{\n    public static void main(String[] args){\n        Sayac s1 = new Sayac(\"1001\");\n        Sayac s2 = new Sayac(\"1111\");\n        System.out.println(s2.say());\n        }\n}"
    },
    {
      "id": "9167236",
      "ibrahimErenYilmaz.java": "package Lab1;\n\npublic class ibrahimErenYilmaz {\n\n    public static void main(String[] args) {\n\n        System.out.println(\"\\n\" + \"---------------------- SORU - 1 ----------------------\" + \"\\n\");\n\n        System.out.print(\"5: \");\n        System.out.println(collatz(5) + \"\\n\");\n\n        System.out.print(\"7: \");\n        System.out.println(collatz(7) + \"\\n\");\n\n        System.out.print(\"10: \");\n        System.out.println(collatz(10) + \"\\n\");\n\n        System.out.println(\"---------------------- SORU - 2 ----------------------\" + \"\\n\");\n\n        int arr1[] = {5, 4, 1, 2};\n        cocktailSort(arr1);\n        System.out.print(\"5, 4, 1, 2 -> \");\n        for (int i = 0; i < arr1.length - 1; i++) {\n            System.out.print(arr1[i] + \", \");\n        }\n        System.out.print(arr1[3]);\n\n        System.out.println(\"\\n\");\n\n        int arr2[] = {10, 3, 8, 2, 6, 1, 5};\n        cocktailSort(arr2);\n        System.out.print(\"10, 3, 8, 2, 6, 1, 5 -> \");\n        for (int i = 0; i < arr2.length - 1; i++) {\n            System.out.print(arr2[i] + \", \");\n        }\n        System.out.print(arr2[6]);\n        \n        System.out.println(\"\\n\");\n\n        int arr3[] = {7, 5, 4, 1, 6, 9};\n        cocktailSort(arr3);\n        System.out.print(\"7, 5, 4, 1, 6, 9 -> \");\n        for (int i = 0; i < arr3.length - 1; i++) {\n            System.out.print(arr3[i] + \", \");\n        }\n        System.out.print(arr3[5]);\n\n        System.out.println(\"\\n\");\n\n        System.out.println(\"---------------------- SORU - 3 ----------------------\" + \"\\n\");\n\n        Sayac s1 = new Sayac(\"10001\");\n        Sayac s2 = new Sayac(\"1111\");\n        Sayac s3 = new Sayac(\"010010010100100001000000010000\");\n        System.out.println(s1.toString() + \": \" + s1.say()); // 2 \n        System.out.println(s2.toString() + \": \" + s2.say()); // 4 \n        System.out.println(s3.toString() + \": \" + s3.say()); // 7\n\n        System.out.println();\n    }\n\n//-------------------------------------------------------------------------------------------\n\n    public static int collatz(int i){\n        \n        if(i == 1){\n            System.out.print(i + \" -> \");\n            return 0;\n        }\n        else{\n            if(i % 2 == 0){\n                System.out.print(i + \", \");\n                return 1 + collatz(i / 2);\n            }\n            else{\n                System.out.print(i + \", \");\n                return 1 + collatz((i * 3) + 1);\n            }\n        }\n    }\n\n//-------------------------------------------------------------------------------------------  \n    \n    public static void cocktailSort(int[] arr) {\n        cocktailSortRecursive(arr, 0, arr.length - 1, true);\n    }\n\n    public static void cocktailSortRecursive(int[] arr, int left, int right, boolean forward) {\n\n        if (left >= right) {\n            return;\n        }\n\n        boolean swapped = false;\n\n        if (forward) {\n            for (int i = left; i < right; i++) {\n                if (arr[i] > arr[i + 1]) {\n                    swap(arr, i, i + 1);\n                    swapped = true;\n                }\n            }\n            if (!swapped) { return; }\n\n            cocktailSortRecursive(arr, left, right - 1, false);\n\n        } \n        else {\n            for (int i = right; i > left; i--) {\n                if (arr[i] < arr[i - 1]) {\n                    swap(arr, i, i - 1);\n                    swapped = true;\n                }\n            }\n            \n            if (!swapped) { return; }\n            \n            cocktailSortRecursive(arr, left + 1, right, true);\n        }\n    }\n\n    private static void swap(int[] arr, int i, int j) {\n        int temp = arr[i];\n        arr[i] = arr[j];\n        arr[j] = temp;\n    }\n\n//-------------------------------------------------------------------------------------------\n\n    public static class Sayac {\n\n        String input;\n\n        public Sayac(String input){\n            this.input = input;\n        }\n\n        public int ozyineliSay(String n){\n            \n            if(n.length() == 0){\n                return 0;\n            }\n            else{\n                return (n.charAt(0) == '1' ? 1 : 0)  + ozyineliSay(n.substring(1));\n            }\n        \n        }\n\n        public int say(){\n            \n            int output = ozyineliSay(input);\n\n            return output;\n        }\n\n        @Override\n        public String toString(){\n            return \"\" + this.input;\n        }\n\n    }\n}\n\n//-------------------------------------------------------------------------------------------"
    },
    {
      "id": "4856424",
      "FatmaSemra1.java": "\npublic class FatmaSemra1 {\n\n\tpublic static void main(String[] args) {\n\t\t\n\n\t\tint[] sayilar;\n\t\tSystem.out.println();\n\t\t\n\t\t\n\t}\n\t\n\tpublic static void cocktailSort(int[] arr) {\n\t\t\n\t\t\n\t\tfor(int i=0; i< arr.length;i++) {\n\t\t\tif(arr[i]>arr[i+1]) {\n\t\t\t\tint temp = arr[i];\n\t\t\t\tarr[i] = arr[i+1];\n\t\t\t\ttemp = arr[i+1];\n\t\t\t}\n\t\t\t\n\t\t\t\n\t\t}\n\t}\n\n}\n",
      "FatmaSemraOzmen.java": "\npublic class FatmaSemraOzmen {\n\t\n\tpublic static void main(String[] args) {\n\t\tSystem.out.println(collatz(5));\n\t\t\n\t\t\n\t}\t\n\t\tpublic static int collatz(int i) {\n\t\t\tif(i  == 1) {\n\t\t\t\treturn 0;\n\t\t\t}\n\t\t\t\n\t\t\tif(i % 2 == 0) {\n\t\t\t\ti = i/2;\n\t\t\t\treturn 1+ collatz(i);\n\t\t\t\t\n\t\t\t}else {\n\t\t\t\ti = 3*i+1;\n\t\t\t\treturn 1 +collatz(i);\n\t\t\t}\n\t\t\t\n\t\t}\n\n\n\t}\n\n\n",
      "SayacMain.java": "\npublic class SayacMain {\n\n\tpublic static void main(String[] args) {\n\t\t \n\t\tSayac s1 = new Sayac(\"10001\");\n\t\tSayac s2 = new Sayac(\"1111\");\n\t\t\n\t\t\n\t\tSystem.out.println(s1.say());\n\t\tSystem.out.println(s2.say());\n\n\t}\n\n}\n",
      "Sayac.java": "\npublic class Sayac {\n\n\tprivate String str;\n\t\n\t public Sayac(String str){\n\t\tthis.str = str;\n\t}\n\t\n\tpublic int say(){\n\t\t \n\t\treturn Helper(str,0);\n\t\n\t\t}\n\t\n\tprivate int Helper(String str,int i) {\n\t\tif(i >= str.length()) {\n\t\treturn 0;\n\t\t\n\t\t}\n\t    if(str.charAt(i) == '1') {\n\t\t   return 1 + Helper(str,i+1);\n\t\t}\n\t    else {\n\t\t\t return Helper(str,i+1);\n\t\t}\n}\n}\n\t\n\t\n\t\n\n\t\n\n"
    },
    {
      "id": "9164612",
      "Main.java": "//TIP To <b>Run</b> code, press <shortcut actionId=\"Run\"/> or\n// click the <icon src=\"AllIcons.Actions.Execute\"/> icon in the gutter.\npublic class Main {\n    public static void main(String[] args)\n    {\n        int  i = 5;\n        System.out.println(collatz(i));\n        int []ar = {5,4,1,2};\n        cocktailSort(ar);\n        for (int j = 0;j<ar.length;j++)\n        {\n            System.out.print(ar[j] + \" \");\n        }\n        System.out.println();\n        Sayac s1 = new Sayac(\"10001\");\n        System.out.println(s1.say());\n\n    }\n    public static int collatz(int i)\n    {\n        if(i == 1)\n        {\n            return 0 ;  // 1 oldugu zaman 0 donerek cikmasi icin bir base case yazdim\n        }\n        else\n        {\n            if(i%2 == 0)\n            {\n                return 1 + collatz(i/2);  // 2 ile bolumunden kalan 0 ise adim sayisi 1 artarak 2ye bolunmus hali gelecek\n            }\n            else\n            {\n                return 1+ collatz((i*3) + 1); // 2 ile bolumunden kalan 0  degil ise adim sayisi 1 artarak 3 ile capilip 1 eklenmis  hali gelecek\n            }\n\n        }\n    }\n    public static void cocktailSort(int[] arr) {\n        cocktailSort2(arr, 0, arr.length - 1); // yazdigim methodu recursive cagirdim.\n    }\n\n    public static void cocktailSort2(int[] arr, int start, int end) {\n        if (start >= end){ // start end degerinden buyukse program sona erecek.\n            return;\n        }\n\n        boolean degisme = false; // sonrasında guncellemek ve degisebilir mi diye bakmak icin boolean tuttum.\n\n\n        for (int i = start; i < end; i++) { // diziyi ileriye dogru bubble sort ile siraladim.\n            if (arr[i] > arr[i + 1]) {\n                int temp = arr[i];\n                arr[i] = arr[i + 1];\n                arr[i + 1] = temp;\n                degisme = true;\n            }\n        }\n\n\n        if (!degisme)\n        {\n            return; // eger degisme degiskeninde degisiklik olmadiysa dizi sıralidir anlamina gelir.\n        }\n\n\n        degisme = false; // bir sonraki siralamaya bakmak icin degiskeni tekrar false yaptim.\n        for (int i = end - 1; i > start; i--) {\n            if (arr[i] < arr[i - 1]) {\n                int temp = arr[i];\n                arr[i] = arr[i - 1];    // geriye yonlü bubble sort ile siraladim.\n                arr[i - 1] = temp;\n                degisme = true;\n            }\n        }\n\n\n        cocktailSort2(arr, start + 1, end - 1); // methodu start ve end degerlerini guncelleyerek recursive cagirdim.\n    }\n}",
      "Sayac.java": "import java.util.Stack;\n\npublic class Sayac\n{\n    private String input;\n    public Sayac(String input)\n    {\n        this.input = input;\n    }\n    public int say()\n    {\n        return countones(input,0); // yazdigim yardimci methodu burada cagirdim\n    }\n    public int countones(String input, int index)\n    {\n        int count = 0;\n        if(index >= input.length())\n        {\n            return 0; // index out of bounds almamak icin base case yazdim.\n        }\n        else\n        {\n            if(input.charAt(index) == '1')\n            {\n                count = 1; // 1 gordugu zaman count degiskeni 1 olacak\n            }\n            else\n            {\n                count = 0; // 1 yoksa 0 olarak kalacak.\n            }\n\n        }\n        int sonuc = countones(input,index+1); // her bir karakterde recursive cagirdim ve bunu yeni bir degiskene atadim.\n        count += sonuc; // count degerini surekli guncelledim.\n        return count;\n    }\n}\n"
    }
  ]
}