{
  "questions": [
    "Recursion\n \n \n1)\n \nCollatz\n \nproblemi.\n \nBu\n \nkısımda\n \namacımız\n \nbize\n \nverilen\n \nbir\n \npozitif\n \ntam\n \nsayının\n \ncollatz\n \nkuralları\n \nuygulanarak\n \nkaç\n \nadım\n \nsonra\n \n1\n \nolacağını\n \nhesaplamaktır .\n \nKurallar\n \nşu\n \nşekildedir:\n \nEğer\n \nsayı\n \nçift\n \nise\n \n2’ye\n \nbölünür\n \nEğer\n \nsayı\n \ntek\n \nise\n \n3\n \nile\n \nçarpılıp\n \n1\n \neklenir .\n \nÖrneğin\n \n5\n \n->\n \n16\n \n->\n \n8\n \n->\n \n4\n \n->\n \n2\n \n->\n \n1\n  \n5\n \nadım\n \nsürdüğü\n \niçin\n \ncevap\n \n5\n \ninputu\n \niçin\n \n5’tir.\n \nBu\n \nişlemi\n \nyapan\n \nrecursive\n \nmetodu\n \nyazmanız\n \ngerekmektedir .\n \nBu\n \nmetodun\n \nimzası\n \npublic\n \nstatic\n \nint\n \ncollatz(int\n \ni)\n \nolmalıdır .\n \nAncak\n \nyardımcı\n \nmetotlar\n \nkullanabilirsiniz.\n \nBurada\n \ngirdinin\n \nsadece\n \npozitif\n \ntam\n \nsayı\n \nolduğunu\n \nvarsayabilirsiniz.\n \n2)\n \nCocktail\n \nShaker\n \nSort\n \n \nBu\n \nkısımda\n \nsizden\n \nCocktail\n \nShaker\n \nSort\n \nimplement\n \netmeniz\n \nbekleniyor .\n \nCocktail\n \nshaker\n \nsort\n \nbubble\n \nsort’un\n \nbir\n \nyukarıdan\n \nbir\n \naşağıdan\n \nbaloncuk\n \ngönderilmesi\n \nile\n \nyapılan\n \nsıralama\n \nişlemidir .\n \nBu\n \nsıralamayı\n \nrecursive\n \nolarak\n \nyapmalısınız.\n \nimzası\n \npublic\n \nstatic\n \nvoid\n \ncocktailSort(int[]\n \narr)\n \nolmalıdır .\n \nYardımcı\n \nmetotlar\n \nkullanmalısınız.\n \nÖrneğin\n \ngirdi\n \n5\n \n4\n \n1\n \n2\n \nolsun.\n \nilk\n \nönce\n \n5\n \n<\n \n4\n \ndeğil\n \n4\n \n5\n \n1\n \n2\n \nsonra\n  \n5\n \n<\n \n1\n \ndeğil\n \n4\n \n1\n \n5\n \n2\n \n5\n \n<\n \n2\n \ndeğil\n \n4\n \n1\n \n2\n \n5\n \nsonra\n \nrecursive\n \ncall\n \nile\n \nbir\n \nsonraki\n \nkısma\n \ngeçilecek.\n \n \n1\n \n<\n \n2\n \nişlem\n \nyapılmayacak.\n \n4\n \n<\n \n1\n \ndeğil\n \n1\n \n4\n \n2\n \n5\n \nve\n \nson\n \niterasyonda\n \nsağdan\n \nsoldan\n \nsağa\n \ndoğru\n \nilerleyip\n \n \n4\n \n<\n \n2\n \ndeğil\n \n1\n \n2\n \n4\n \n5\n \nile\n \nsıralı\n \nhale\n \ngelecek.\n \nEğer\n \nsınırları\n \ntutmak\n \nistemez\n \niseniz\n \ndirek\n \nher\n \naşamada\n \ntüm\n \narrayin\n \nüstünden\n \nde\n \ngeçebilirsiniz.\n \n3)\n \nBu\n \nkısımda\n \nbir\n \nstringdeki\n \n“1”\n  \nleri\n \nsayan\n \nbir\n \nsınıf\n \nyazacaksınız.\n \nBu\n \nsınıf\n \nconstructor\n \nda\n \nstringi\n \nalacak.\n \npublic\n \nint\n \nsay()\n \nmetodu\n \nile\n \nrecursive\n \nşekilde\n \nbu\n \nstringdeki\n \n1\n \ndeğerlerini\n \nsayacak(Helper\n \nmetot\n \nkullanılması\n \nlazım).\n \nBu\n \nclass\n \nobjesi\n \noluşturularak\n \nçalıştırılacak\n \nve\n \nbirden\n \nfazla\n \nstring\n \niçin\n \nbirden\n \nfazla\n \nobje\n \noluşturulacaktır .\n \nÇalıştırma\n \nörneği:\n \nSayac\n \ns1\n \n=\n \nnew\n \nSayac(“10001”);\n \nSayac\n \ns2\n \n=\n \nnew\n \nSayac(“1 111”);\n \nSystem.out.println(s1.say());\n \n//\n \n2\n \nbasacak."
  ],
  "answers": [
    {
      "id": "4380745",
      "Lab1Q3.java": "public class Lab1Q3{\n    public static void main(String[] args){\n\n        Sayac sayac = new Sayac(\"100101111101010\");\n        Sayac s1 = new Sayac(\"10001\");\n        Sayac s2 = new Sayac(\"1111\");\n        System.out.println(s2.say());\n\n\n        System.out.println(sayac.say());\n    }\n}",
      "Lab1Q2.java": "public class Lab1Q2{\n    public static void main(String[] args){\n        int[] arr1 = {1,8,9,12,7,3,45,10};\n        int[] arr2 = {5,4,1,2};\n        cocktailSort(arr2);\n        for(int i = 0; i < arr2.length; i++){\n            System.out.println(arr2[i]);\n        }\n    }\n\n    public static void cocktailSort(int[] arr){\n        cocktailSort(arr, 0, arr.length-1);\n    }\n\n    public static void cocktailSort(int[] arr, int i, int j){\n        boolean fsFlag = forwardSort(arr, i, j, false);\n        if(!fsFlag){\n            return;\n        }\n        boolean bsFlag = backSort(arr, i, j, false);\n        if(!bsFlag){\n            return;\n        }\n\n        cocktailSort(arr, i+1, j-1);\n    }\n\n    public static void swap(int[] arr, int i, int j){\n        int temp = arr[i];\n        arr[i] = arr[j];\n        arr[j] = temp;\n        return;\n    }\n\n    public static boolean forwardSort(int[] arr, int i, int j, boolean flag){\n        if(i == j){\n            return flag;\n        }\n\n        if(arr[i] >= arr[i+1]){\n            swap(arr, i, i+1);\n            flag = true;\n        }\n\n        return forwardSort(arr, i+1, j, flag);\n    }\n\n    public static boolean backSort(int[] arr, int i, int j, boolean flag){\n        if(j == i){\n            return flag;\n        }\n\n        if(arr[j - 1] >= arr[j]){\n            swap(arr, j, j-1);\n            flag = true;\n        }\n\n        return backSort(arr, i, j-1, flag);\n    }\n}",
      "Sayac.java": "public class Sayac{\n    public String input;\n    public Sayac(String input){\n        this.input = input;\n    }\n\n    public int say(){\n        return sayRecursive(0);\n    }\n\n    public int sayRecursive(int index){\n        if(index >= input.length()){\n            return 0;\n        }\n\n        if(input.charAt(index) == '1'){\n            return 1 + sayRecursive(index + 1);\n        }\n        else{\n            return sayRecursive(index + 1);\n        }\n    }\n}",
      "Lab1Q1.java": "public class Lab1Q1{\n    public static void main(String[] args){\n        System.out.println(collatz(2));\n    }\n\n    public static int collatz(int i){\n        if(i == 1){\n            return 0;\n        }\n        else if(i%2 == 0){\n            return 1 + collatz(i/2);\n        }\n        else{\n            return 1 + collatz(3*i + 1);\n        }\n    }\n}"
    },
    {
      "id": "7214465",
      "q3.java": "public class q3 {\n    public static void main(String[] args) {\n        Sayac s1 = new Sayac(\"10001\");\n        Sayac s2 = new Sayac(\"1111\");\n        System.out.println(s1.say());\n        System.out.println(s2.say());\n    }\n}\nclass Sayac{\n    public String str;\n    public int index;\n    public int count;\n\n    public int say(){\n        return metod(str,0);\n    }\n    public Sayac (String str){\n        this.str = str;\n    }\n\n    public int metod(String str,int index){\n        if(index == str.length()){\n            return count;\n        }\n        else if(str.charAt(index) == '1'){\n            return 1 + metod(str,index+1);\n        }\n        else if(str.charAt(index) == '0'){\n            return 0 + metod(str,index+1);\n        }\n        return 0;\n    }\n}\n",
      "q2.java": "\nimport java.util.Scanner;\n\npublic class q2 {\n    public static void main(String[] args) {\n     Scanner scan = new Scanner(System.in);\n     int a = scan.nextInt();\n     int[] arr = new int[a];\n     for (int i = 0; i < a; i++) {\n         arr[i] = scan.nextInt();\n     }\n     cocktailSort(arr);\n     for (int i = 0; i < a; i++) {\n         System.out.print(arr[i] + \" \");\n     }\n    }\n\n    public static void cocktailSort(int[] array){\n        boolean bl = true;\n        for (int i = 0; i < array.length - 1; i++) {\n            if(array[i] > array[i+1]){\n                bl = false;\n            }\n        }\n        bubbleSort(array,0,array.length-1);\n\n    }\n    public static void bubbleSort(int[] arr, int left, int right){\n            if( left >= right){\n                return ;\n            }\n            for (int d = 0; d < arr.length - 1 ; d++) {\n                if(arr[d] > arr[d+1]){\n                    int temp = arr[d];\n                    arr[d] = arr[d+1];\n                    arr[d+1] = temp;\n                }\n            }\n            left++;\n            \n                for (int d = arr.length - 1; d > 0 ; d--) {\n                    if(arr[d] < arr[d-1]){\n                        int temp = arr[d];\n                        arr[d] = arr[d-1];\n                        arr[d-1] = temp;\n                    }\n                }\n            right--;\n            \n            bubbleSort(arr, left, right);\n    }\n   \n\n    \n}\n\n\n",
      "q1.java": "\nimport java.util.Scanner;\n\npublic class q1 {\n    static int count = 0;\n    public static void main(String[] args) {\n        Scanner scan = new Scanner(System.in);\n        int sayi = scan.nextInt();\n        int cevap = collatz(sayi);\n        System.out.println(cevap);\n\n    }\n    public static int collatz(int i){\n        if(i==1){\n            return count;\n        }\n        else if(i % 2 == 0){\n            collatz(i/2);\n            count++;\n        }\n        else if(i % 2 == 1){\n            collatz(3*i + 1);\n            count++;\n        }\n        return count;\n    }\n}\n"
    },
    {
      "id": "1762204",
      "Question2.java": "public class Question2 {\n    public static void main(String[] args) {\n        int arr[] = {5, 4, 1, 2};\n\n        cocktailSort(arr);\n\n        for (int i = 0; i < arr.length; i++) {\n            System.out.print(arr[i] + \" \");\n        }\n    }\n\n    public static void cocktailSort(int[] arr) {\n        sort(false, arr);\n    }\n\n    public static void sort(boolean reverse, int[] arr) {\n        boolean sorted = true;\n        for (int i = 0; i < arr.length - 1; i++) {\n            if (arr[i] > arr[i + 1]) {\n                sorted = false;\n                break;\n            }\n        }\n        \n        if (sorted)\n            return;\n    \n        if (reverse) {\n            for (int i = arr.length - 1; i > 0; i--) {\n                if (arr[i] < arr[i - 1]) {\n                    int temp = arr[i];\n                    arr[i] = arr[i - 1];\n                    arr[i - 1] = temp;\n                }\n            }\n        }\n        else {\n            for (int i = 0; i < arr.length - 1; i++) {\n                if (arr[i] > arr[i + 1]) {\n                    int temp = arr[i];\n                    arr[i] = arr[i + 1];\n                    arr[i + 1] = temp;\n                }\n            }\n        }\n        sort(!reverse, arr);\n    }\n}",
      "Question1.java": "public class Question1 {\n    public static void main(String[] args) {\n        int count = collatz(5);\n\n        System.out.println(count);\n    }\n\n    public static int collatz(int i) {\n        return calculate(0, i);\n    }\n\n    public static int calculate(int count, int number) {\n        int newNumber = 0;\n\n        if (number == 1)\n            return count;\n        if (number % 2 == 0)\n            newNumber = number / 2;\n        else if (number % 2 != 0)\n            newNumber = number * 3 + 1;\n\n        return calculate(count + 1, newNumber);\n    }\n}",
      "Question3.java": "public class Question3 {\n    public static void main(String[] args) {\n        Sayac s1 = new Sayac(\"10001\");\n        Sayac s2 = new Sayac(\"1111\");\n\n        System.out.println(s1.say());\n        System.out.println(s2.say());\n    }\n}\n\nclass Sayac {\n    public String text = \"\";\n    public Sayac(String text) {\n        this.text = text;\n    }\n\n    public int say() {\n        return count(0, text);\n    }\n\n    public int count(int number, String text) {\n        if (text.length() == 0) {\n            return number;\n        }\n        if (text.charAt(0) == '1') {\n            number++;\n        }\n        return count(number, text.substring(1));\n    }\n}"
    },
    {
      "id": "9830856",
      "lab11q1.java": "public class lab11q1 \n{\npublic static void main(String[] args) \n{\n    System.out.println(collatz(3));\n}\n    static int count=0;\n\npublic static int collatz(int i)\n{\n\n    if(i!=1)\n{ \n    count++;\nif(i%2!=0)\n  {\n\n   i=i*3+1;\n   return collatz(i);\n\n  }\n else\n  {\n    i=i/2;\n    return collatz(i);\n  }\n\n }\n\n else\nreturn count;\n\n}\n\n\n\n\n\n\n}\n",
      "lab1q2.java": "public class lab1q2 \n{\n    public static void main(String[] args) \n    {\n        int [] arr={5,4,1,2,3};\n\n       cocktailSort(arr);\n\n    }\n\n    static int index=0;\n    static boolean soldan=true;\n\n    public static void cocktailSort(int[] arr)\n    {\n        if(isSorted(arr))\n        {\n            for(int a=0; a<arr.length; a++)\n            {\n                System.out.print(arr[a]);\n            }\n        }\n\n        else\n        {\n            \n                if(soldan)\n                {\n                    if(index+1!=arr.length)\n                      {\n                        if(arr[index]>arr[index+1])\n                        {\n                          int h=arr[index];\n                          arr[index]=arr[index+1];\n                          arr[index+1]=h;\n                        }\n                        index++;\n                      }\n                     \n                      else\n                      {\n                        index=arr.length-1;\n                        soldan=false;\n                      }  \n                }\n                \n\n                else\n                {\n                    if(index!=0)\n                      {\n                        if(arr[index]<arr[index-1])\n                        {\n                          int h=arr[index];\n                          arr[index]=arr[index-1];\n                          arr[index-1]=h;\n                        }\n                        index--;\n                      }\n                     \n                      else\n                      {\n                        index=0;\n                        soldan=true;\n                      }              \n           }\n           cocktailSort(arr);\n        }\n\n        \n        }\n\n        public static boolean isSorted(int[]arrayy)\n        {\n            boolean flag=true;\n            for(int i=0; i<arrayy.length-1; i++)\n            {\n                 if(arrayy[i]>arrayy[i+1])\n                 flag=false;\n            }\n            return flag;\n        }\n    }\n\n",
      "lab1q3.java": "public class lab1q3 \n{\n    public static void main(String[] args) \n    {\n        Sayac s1=new Sayac(\"10001\");\n        Sayac s2=new Sayac(\"1111\");\n        System.out.println(s1.say());\n        System.out.println(s2.say());\n    }\n}\n\n\n\nclass Sayac\n{\n    String str;\n     int count=0;\n     int index=0;\n    public Sayac(String str)\n    {\n        this.str=str;\n        \n    }\n\n    public int say() \n    {\n         return result(str);\n    }\n\n\n    public int result(String str)\n    {\n      \n        if(index==str.length())\n        return count;\n\n        else\n        {\n            if(str.charAt(index)== '1')\n            {\n              count++;\n            }\n            index++;\n            return result(str);\n        }\n\n       \n    }\n}\n\n"
    },
    {
      "id": "8435496",
      "Lab1Q3.java": "package Lab.Lab1;\n\npublic class Lab1Q3\n{\n    public static void main(String[] args)\n    {\n        Sayac s1 = new Sayac(\"10001\");\n        Sayac s2 = new Sayac(\"1111\");\n        System.out.println(s2.say());\n    }\n}\n\nclass Sayac\n{\n    private String string;\n    private int length;\n\n    public Sayac(String string)\n    {\n        this.string = string;\n        this.length = string.length();\n    }\n\n    public int say()\n    {\n        return birSay(0);\n    }\n\n    private int birSay(int start)\n    {\n        if (start == length) return 0;\n\n        if (string.charAt(start) == '1')\n        {\n            return 1 + birSay(start + 1);\n        }\n        return birSay(start + 1);\n    }\n}",
      "Lab1Q2.java": "package Lab.Lab1;\n\npublic class Lab1Q2\n{\n    public static void main(String[] args)\n    {\n        int[] arr = {5, 4, 1, 2, 7, 3, 15, -1};\n\n        cocktailSort(arr);\n\n        for (int i = 0; i < arr.length; i++)\n        {\n            System.out.print(arr[i] + \" \");\n        }\n    }\n\n    public static void cocktailSort(int[] arr)\n    {\n        bubbleToRight(arr);\n    }\n\n    public static void bubbleToRight(int[] arr)\n    {\n        int changes = 0;\n        for (int i = 0; i < arr.length - 1; i++)\n        {\n            if (arr[i] > arr[i + 1])\n            {\n                int temp = arr[i];\n                arr[i] = arr[i + 1];\n                arr[i + 1] = temp;\n\n                changes++;\n            }\n        }\n\n        if (changes == 0) return;\n        bubbleToLeft(arr);\n    }\n\n    public static void bubbleToLeft(int[] arr)\n    {\n        int changes = 0;\n        for (int i = arr.length - 1; i > 0; i--)\n        {\n            if (arr[i - 1] > arr[i])\n            {\n                int temp = arr[i - 1];\n                arr[i - 1] = arr[i];\n                arr[i] = temp;\n\n                changes++;\n            }\n        }\n\n        if (changes == 0) return;\n        bubbleToRight(arr);\n    }\n}\n",
      "Lab1Q1.java": "package Lab.Lab1;\n\npublic class Lab1Q1\n{\n    public static void main(String[] args)\n    {\n        System.out.println(collatz(3));\n    }\n\n    public static int collatz(int i)\n    {\n        if (i == 1) return 0;\n\n        if (i % 2 == 0)\n        {\n            return 1 + collatz(i / 2);\n        }\n        return 1 + collatz(3 * i + 1);\n    }\n}\n"
    },
    {
      "id": "8783086",
      "Q2.java": "public class Q2 {\n    public static void main(String[] args) {\n        int[] arr = { 5, 4, 1, 2, };\n        coctailSort(arr);\n        for (int i = 0; i < arr.length; i++) {\n            System.out.println(arr[i]);\n        }\n    }\n\n    public static void coctailSort(int[] arr) {\n        boolean isSorted = bubble(arr);\n        if (isSorted == true) {\n            for (int i = arr.length - 1; i > 0; i--) {\n                if (arr[i] < arr[i - 1]) {\n                    int x = arr[i];\n                    arr[i] = arr[i - 1];\n                    arr[i - 1] = x;\n                }\n            }\n            coctailSort(arr);\n        }\n    }\n\n    public static boolean bubble(int[] arr) {\n        boolean flag = false;\n        for (int i = 0; i < arr.length - 1; i++) {\n\n            if (arr[i] > arr[i + 1]) {\n                int x = arr[i];\n                arr[i] = arr[i + 1];\n                arr[i + 1] = x;\n                flag = true;\n            }\n        }\n        return flag;\n    }\n}\n",
      "Q1.java": "\npublic class Q1 {\n    public static void main(String[] args) {\n        System.out.println(collatz(5));\n    }\n\n    public static int collatz(int i) {\n        int count = 0;\n        if (i != 1) {\n            if ((i % 2) == 0) {\n                count += 1;\n                return count + collatz(i / 2);\n            } else {\n                count += 1;\n                return count + collatz((3 * i) + 1);\n            }\n\n        }\n        return count;\n    }\n}\n",
      "Q3.java": "public class Q3 {\n    public static void main(String[] args) {\n        Sayac s1 = new Sayac(\"10001\");\n        Sayac s2 = new Sayac(\"1111\");\n        System.out.println(s1.say());\n        System.out.println(s2.say());\n    }\n}\n\nclass Sayac {\n    String x;\n\n    Sayac(String x) {\n        this.x = x;\n    }\n\n    public int say() {\n        int count = 0;\n\n        if (x.length() >= 1) {\n            if (x.charAt(0) == '1') {\n                count += 1;\n\n            }\n            x = subOf(x);\n            return count + say();\n        }\n        return 0;\n    }\n\n    public String subOf(String x) {\n        return x.substring(1);\n    }\n}"
    },
    {
      "id": "4731282",
      "Lab1Q3.java": "public class Lab1Q3 {\n    public static void main(String[] args) {\n\n        Sayac s1 = new Sayac(\"10001\");\n        Sayac s2 = new Sayac(\"1111\");\n\n        System.out.println(s2.say());\n\n    }\n\n}\n\nclass Sayac {\n    String sayilacak;\n\n    int count = 0;\n\n    Sayac(String s) {\n        sayilacak = s;\n    }\n\n    public int say() {\n        return say(0, this.sayilacak);\n\n    }\n\n    public int say(int count, String s) {\n\n        if (s.length() == 1) {\n            if (s.charAt(0) == '1') {\n                return count + 1;\n\n            } else\n                return count;\n        }\n\n        if ((s.charAt(0)) + 0 == '1') {\n\n            return say(count + 1, s.substring(1));\n\n        } else {\n            return say(count, s.substring(1));\n\n        }\n\n    }\n\n}\n",
      "Lab1Q2.java": "public class Lab1Q2 {\n    public static void main(String[] args) {\n        int[] array = { 1, 5, 4, 2 };\n\n        cocktailSort(array);\n        for (int k = 0; k < array.length; k++) {\n            System.out.print(array[k] + \" \");\n        }\n\n    }\n\n    public static void cocktailSort(int[] arr) {\n\n        cocktailSort(arr, true);\n\n    }\n\n    public static int[] cocktailSort(int[] arr, boolean flag) {\n        int temp = 0;\n        boolean arrflag = true;\n        if (flag == true) {\n            for (int i = 0; i < arr.length - 1; i++) {\n                if (arr[i] > arr[i + 1]) {\n\n                    temp = arr[i + 1];\n                    arr[i + 1] = arr[i];\n                    arr[i] = temp;\n                    arrflag = false;\n\n                }\n            }\n        }\n        if (flag == false) {\n            for (int j = arr.length - 1; j > 0; j--) {\n                if (arr[j] < arr[j - 1]) {\n                    temp = arr[j];\n                    arr[j] = arr[j - 1];\n                    arr[j - 1] = temp;\n                    arrflag = false;\n                }\n            }\n        }\n\n        if (flag == false)\n            flag = true;\n\n        if (flag == true)\n            flag = false;\n\n        if (arrflag == true) {\n            return arr;\n\n        } else {\n            return cocktailSort(arr, flag);\n        }\n\n    }\n\n}",
      "Lab1Q1.java": "public class Lab1Q1 {\n    public static void main(String[] args) {\n        int num = 9455;\n\n        System.out.println(collatz(num));\n\n    }\n\n    public static int collatz(int i) {\n        return counter(0, i);\n\n    }\n\n    public static int counter(int count, int x) {\n\n        if (x == 1) {\n            return count;\n        }\n        if (x % 2 == 0) {// çiftse\n\n            return counter(count + 1, x / 2);\n\n        } else { // tekse\n\n            return counter(count + 1, 3 * x + 1);\n\n        }\n\n    }\n}\n"
    },
    {
      "id": "6202193",
      "Lab1Q3.java": "public class Lab1Q3 {\n    \n    public static void main(String[] args){\n\n\n        Sayac s1 = new Sayac(\"“10001110011”\");\n        System.out.println(s1.say());\n        \n    }\n\n    public static void cocktailSort(int[] arr){\n\n    }\n}\n\nclass Sayac\n{\n    String string;\n\n    Sayac(String metin){\n        this.string=metin;\n    }\n\n    public int say(){\n        int count = 0;\n        for(int i = 0;i<string.length();i++)\n        {\n            if(string.charAt(i)=='1')count+=1;\n            \n        }\n        return count;\n    }\n}\n",
      "Lab1Q2.java": "public class Lab1Q2 {\n    \n    public static void main(String[] args){\n\n        int[] arr = {5,15,4,1,2,6,11,35,1};\n        cocktailSort(arr);\n    }\n\n    public static void cocktailSort(int[] arr){\n        boolean flag = true;\n        int temp= 1;\n        for(int i = 1;i<arr.length;i++)\n        {\n            if(arr[i]<arr[i-1])\n            {\n                temp=arr[i];\n                arr[i]=arr[i-1];\n                arr[i-1]=temp;\n                flag = false;\n            }\n        }\n        if(flag){\n            for(int i=0;i<arr.length;i++)\n            {\n                System.out.print(arr[i]);\n            }\n        }\n        else  cocktailSort(arr);\n    }\n}\n\n\n",
      "Lab1Q1.java": "import java.util.Scanner;\n\npublic class Vize2Soru2 {\n\n    public static void main(String[] args){\n\n       \nSystem.out.println(collatz(3516));\n    \n\n}\n\npublic static int collatz(int i){\n\n    if(i==1)\n    {\n        return i;\n    }\n\n    if(i%2==0){\n        return collatz(i/2);\n    }\n    else return collatz((i*3)+1);\n}\n\n}\n\n    \n\n\n\n\n"
    },
    {
      "id": "8190737",
      "Lab21Q1.java": "import java.util.*;\n\npublic class Lab21Q1 {\n\n    public static int collatz(int i){\n        if(i == 1)\n            return 0;\n        if(i % 2 == 0) \n            return 1 + collatz(i / 2);\n        return 1 + collatz(3 * i + 1);\n    }\n\n    public static void main(String[] args) {\n        Scanner sc = new Scanner(System.in);\n        \n        int i = sc.nextInt();\n        System.out.println(collatz(i));\n\n        sc.close();\n   }\n}\n",
      "Lab21Q2.java": "import java.util.*;\n\npublic class Lab21Q2 {\n\n    static boolean isSorted(int[] arr){\n        int n = arr.length;\n        for(int i = 1;i < n;i++){\n            if(arr[i-1] > arr[i])\n                return false;\n        }\n        return true;\n    }\n\n    static int[] coctailSort(int[] arr, boolean bubbleBiggest){\n        if(isSorted(arr))\n            return arr;\n\n        int n = arr.length;\n        for(int i = 1;i < n;i++){\n            if(bubbleBiggest){\n                if(arr[i-1] > arr[i]){\n                    int a1 = arr[i-1];\n                    int a2 = arr[i];\n\n                    arr[i-1] = a2;\n                    arr[i] = a1;\n                }\n            }\n            else{\n                if(arr[i-1] < arr[i]){\n                    int a1 = arr[i-1];\n                    int a2 = arr[i];\n\n                    arr[i-1] = a2;\n                    arr[i] = a1;\n                }\n            }\n        }\n\n        int[] rev = new int[n];\n        for(int i = 0;i < n;i++)\n            rev[i] = arr[(n-1) - i];\n        \n        return coctailSort(rev, !bubbleBiggest);\n    }    \n\n    public static void main(String[] args) {\n        Scanner sc = new Scanner(System.in);\n        \n        int n = sc.nextInt();\n        int[] arr = new int[n];\n\n        for(int i = 0;i < n;i++)\n            arr[i] = sc.nextInt();\n\n        arr = coctailSort(arr, true);\n\n        for(int i = 0;i < n;i++)\n            System.out.print(\"\" + arr[i] + \" \");\n        System.out.print(\"\\n\");\n\n        sc.close();\n   }\n}\n",
      "Lab21Q3.java": "import java.util.*;\n\nclass Sayac{\n    String str;\n    Sayac(String str){\n        this.str = str;\n    }\n\n    public int say(int idx){\n        if(idx == str.length()) return 0;\n        if(str.charAt(idx) == '1') return 1 + say(idx + 1);\n        else return say(idx + 1);\n    }\n    public int say(){\n        return say(0);\n    }\n}\n\npublic class Lab21Q3 {\n\n\n    public static void main(String[] args) {\n        Scanner sc = new Scanner(System.in);\n\n        String str1 = sc.next();\n        Sayac say1 = new Sayac(str1);\n        System.out.println(say1.say());\n\n        String str2 = sc.next();\n        Sayac say2 = new Sayac(str2);\n        System.out.println(say2.say());\n\n        sc.close();\n   }\n}\n"
    },
    {
      "id": "7817361",
      "Lab1Q3.java": "public class Lab1Q3 {\n    public Lab1Q3(String str){\n\n        say();\n    }\n\n    public int say(){\n        return 0;\n    }\n    public int helper(){\n        return 0;\n\n    }\n}\nclass Ana{\n    public static void main(String[] args){\n\n        Lab1Q3 s1 = new Lab1Q3(\"10001\");\n        Lab1Q3 s2 = new Lab1Q3(\"1111\");\n\n    }\n}\n",
      "Lab1Q2.java": "public class Lab1Q2 {\n    public static void main(String[] args){\n\n        int[] arr = {5,4,1,2};\n\n        for (int i = 0; i+1< arr.length; i++){\n            if (arr[i]< arr[i+1]){\n                int temp = arr[i];\n                arr[i] = arr[i+1];\n                arr[i+1] = temp;\n            }\n        }\n        cocktailSort(arr);\n\n        for(int j = 0; j<arr.length; j++){\n            System.out.println(arr[j]);\n        }\n\n    }\n    public static void cocktailSort(int[] arr){\n        int s = arr.length-1;\n\n        if(arr[s-2]>arr[s-1]){\n\n            int temp = arr[s-1];\n            arr[s-1] = arr[s-2];\n            arr[s-2] = temp;\n            straightSort(arr);\n            s--;\n        }\n    }\n    public static void straightSort(int[] arr){\n\n        int s = 0;\n\n        if (arr[s]> arr[s+1]){\n\n            int temp = arr[s+1];\n            arr [s+1] = arr[s];\n            arr[s] = temp;\n            cocktailSort(arr);\n            s++;\n        }\n    }\n\n}\n",
      "Lab1Q1.java": "import java.util.Scanner;\n\npublic class Lab1Q1 {\n\n    public static void main(String[] args){\n\n        Scanner scan = new Scanner(System.in);\n\n        int i = scan.nextInt();\n\n\n        int result = collatz(i);\n\n        System.out.println(result);\n        \n\n    }\n    public static int collatz (int i){\n        int count = 0;\n        \n\n        if(i== 1){\n            return count;\n        }\n        else if(i%2 == 0){\n            \n            collatz(i/2);\n            count++;\n            \n        }\n        else if (i%2 != 0){\n            \n            collatz(i*3 + 1);\n            count++;\n\n        }\n        \n        return count;\n    }\n    public static int sayac(int s){\n        s++;\n\n        return s;\n    }\n    \n    \n}\n"
    },
    {
      "id": "2051651",
      "Lab1Q3.java": "public class Lab1Q3 {\n    public static void main(String[] args) {\n        Sayac s1 = new Sayac(\"10001\");\n        Sayac s2 = new Sayac(\"1111\");\n        System.out.println(s2.say());\n    }\n}\n\nclass Sayac{\n    String str;\n\n    Sayac(String str){\n        this.str = str;\n    }\n\n    public int say(){\n        return StringCounter(str, 0);\n    }\n    private int StringCounter(String str, int i){\n        if(i >= str.length()){\n            return 0;\n        }\n        else if(str.charAt(i) == '1'){\n            return 1 + StringCounter(str, i + 1);\n        }\n        else \n        return  StringCounter(str, i + 1);\n\n    }\n}",
      "Lab1Q2.java": "public class Lab1Q2 {\n    public static void main(String[] args) {\n        int[] arr = {3, 1, 7, 5, 6, 0, 4};\n        cocktailSort(arr);\n    }\n    public static void cocktailSort(int[] arr){\n        for(int i = 0; i < arr.length; i++){\n            sortForward(arr, 0);\n            sortBackward(arr, arr.length-1);\n        }\n        for(int i = 0; i < arr.length; i++){\n            System.out.println(arr[i]);\n        }\n    }\n    \n    public static int[] swap(int i, int j, int[] arr){\n        int temp = 0;\n        temp = arr[i];\n        arr[i] = arr[j];\n        arr[j] = temp;\n        return arr;\n    }\n    public static int[] sortForward(int[] arr, int i){\n\n        if(i >= arr.length-1){\n                return arr;\n        }\n        else if(arr[i] > arr[i+1]){\n                swap(i, i+1, arr);\n                return sortForward(arr, i + 1);\n        }\n        else{\n                return sortForward(arr, i + 1);\n        }  \n    }\n\n    public static int[] sortBackward(int[] arr, int i){\n        if(i <= 0){\n            return arr;\n    }\n        else if(arr[i] < arr[i-1]){\n            swap(i, i+1, arr);\n            return sortForward(arr, i + 1);\n    }\n        else{\n            return sortForward(arr, i + 1);\n        }  \n    }\n}\n",
      "Lab1Q1.java": "class Lab1Q1{\n    public static void main(String[] args) {\n        System.out.println(collatz(5));\n    }\n    public static int collatz(int i){\n        if(i <= 1){\n            return 0;\n        }\n        else if(i % 2 == 0){\n            return 1 + collatz(i / 2);\n        }\n        else{\n            return 1 + collatz(3*i + 1);\n        }\n    }\n}"
    },
    {
      "id": "6897869",
      "Lab1Q3.java": "package hafta1;\n\npublic class Lab1Q3 {\n    public static void main(String[] args) {\n        String str = \"10001\";\n        String str2 = \"1111\";\n        A a1 = new A(str);\n        A a2 = new A(str2);\n\n        System.out.println(a1.say());\n        System.out.println(a2.say());\n    }\n}\n\nclass A {\n    String str;\n    int count;\n\n    A() {\n        System.out.println(\"Err\");\n    }\n\n    A(String str) {\n        this.str = str;\n        count = 0;\n    }\n\n    public int say() {\n        return fun(0);\n    }\n\n    private int fun(int index) {\n        if (index >= str.length()) {\n            return 0;\n        }\n        if (str.charAt(index) == '1') {\n            return 1 + fun(index + 1);\n        } else {\n            return fun(index + 1);\n        }\n    }\n}\n",
      "Lab1Q2.java": "package hafta1;\n\npublic class Lab1Q2 {\n    public static void main(String[] args) {\n        int[] arr = { 5, 4, 2, 1 };\n        cocktailSort(arr);\n\n        // ***************\n        String str = \"[\";\n        for (int i = 0; i < arr.length - 1; i++) {\n            str += arr[i] + \",\";\n        }\n        if (arr.length != 0) {\n            str += arr[arr.length - 1];\n        }\n        str += \"]\";\n        System.out.println(str);\n        // **************\n    }\n\n    public static void cocktailSort(int[] arr) {\n        fun(arr, true);\n    }\n\n    public static void fun(int[] arr, boolean flag) {\n        if (flag) {\n            for (int i = 0; i < arr.length - 1; i++) {\n                if (arr[i] > arr[i + 1]) {\n                    arr[i] = arr[i] + arr[i + 1];\n                    arr[i + 1] = arr[i] - arr[i + 1];\n                    arr[i] = arr[i] - arr[i + 1];\n                }\n            }\n        } else {\n            for (int i = arr.length - 2; i >= 0; i--) {\n                if (arr[i] > arr[i + 1]) {\n                    arr[i] = arr[i] + arr[i + 1];\n                    arr[i + 1] = arr[i] - arr[i + 1];\n                    arr[i] = arr[i] - arr[i + 1];\n                }\n            }\n        }\n\n        if (!check(arr)) {\n            fun(arr, !flag);\n        }\n    }\n\n    public static boolean check(int[] arr) {\n        for (int i = 0; i < arr.length - 1; i++) {\n            if (arr[i] > arr[i + 1]) {\n                return false;\n            }\n        }\n        return true;\n    }\n\n}\n",
      "Lab1Q1.java": "package hafta1;\n\npublic class Lab1Q1 {\n    public static void main(String[] args) {\n        System.out.println(collatz(5));\n    }\n\n    public static int collatz(int i) {\n        if (i == 1) {\n            return 0;\n        } else if (i % 2 == 0) {\n            return 1 + collatz(i / 2);\n        } else {\n            return 1 + collatz(3 * i + 1);\n        }\n    }\n}"
    },
    {
      "id": "1764665",
      "App.java": "public class App {\n    public static void main(String[] args) throws Exception {\n        System.out.println(collatz(5));\n        \n        Sayac s1 = new Sayac(\"1111\");\n        System.out.println(s1.say());\n\n        int[] arr = { 5, 4, 1, 2};\n        cocktailSort(arr);\n        for (int i = 0; i < arr.length; i++) {\n            System.out.println(arr[i]);\n        }\n\n    }\n    public static int collatz(int i){\n        if (i == 1){\n            return 0;\n        }\n        if (i%2 == 0){\n            return 1 + collatz(i/2);\n        }\n        if (i % 2 == 1) {\n            return 1 + collatz(i *3 +1);\n        }\n        return -1;\n    } \n    \n    public static  void  cocktailSort(int[] arr){\n        cocktailSortDüz(arr);\n    }\n    public static  void  cocktailSortDüz(int[] arr){\n        boolean flag = false;\n        for (int i = 0; i < arr.length - 1; i++) {\n            if (arr[i] > arr[i + 1]) {\n                int temp = arr[i + 1];\n                arr[i + 1] = arr[i];\n                arr[i] = temp;\n                flag = true;\n            }\n        }\n        if (flag != false){\n            cocktailSortTers(arr);\n        }\n    }\n\n    public static void cocktailSortTers(int[] arr) {\n        boolean flag = false;\n        for (int i = arr.length-1; i > 0 ; i--) {\n            if (arr[i] < arr[i - 1]) {\n                int temp = arr[i];\n                arr[i] = arr[i-1];\n                arr[i-1] = temp;\n                flag = true;\n            }\n        }\n        if (flag != false) {\n            cocktailSortDüz(arr);\n        }\n    }\n    \n}\n",
      "Sayac.java": "public class Sayac {\n    private String Str; \n    public Sayac (String str){\n        this.Str = str;\n    }\n    public int say(){\n        return RecursiveSay (Str);\n    }\n\n    public int RecursiveSay (String str){\n        if(str.length() == 0){\n            return 0;\n        }\n        if (str.charAt(0) == '1'){\n            return 1 + RecursiveSay(str.substring(1));\n        }else{\n            return RecursiveSay(str.substring(1));\n        }\n    }\n\n\n}\n"
    }
  ]
}